X1,Name,Age,Photo,Nationality,Flag,Overall,Potential,Club,Club Logo,Value,Wage,Special,Acceleration,Aggression,Agility,Balance,Ball control,Composure,Crossing,Curve,Dribbling,Finishing,Free kick accuracy,GK diving,GK handling,GK kicking,GK positioning,GK reflexes,Heading accuracy,Interceptions,Jumping,Long passing,Long shots,Marking,Penalties,Positioning,Reactions,Short passing,Shot power,Sliding tackle,Sprint speed,Stamina,Standing tackle,Strength,Vision,Volleys,CAM,CB,CDM,CF,CM,ID,LAM,LB,LCB,LCM,LDM,LF,LM,LS,LW,LWB,Preferred Positions,RAM,RB,RCB,RCM,RDM,RF,RM,RS,RW,RWB,ST
0,Cristiano Ronaldo,32,https://cdn.sofifa.org/48/18/players/20801.png,Portugal,https://cdn.sofifa.org/flags/38.png,94,94,Real Madrid CF,https://cdn.sofifa.org/24/18/teams/243.png,€95.5M,€565K,2228,89,63,89,63,93,95,85,81,91,94,76,7,11,15,14,11,88,29,95,77,92,22,85,95,96,83,94,23,91,92,31,80,85,88,89,53,62,91,82,20801,89,61,53,82,62,91,89,92,91,66,ST LW,89,61,53,82,62,91,89,92,91,66,92
1,L. Messi,30,https://cdn.sofifa.org/48/18/players/158023.png,Argentina,https://cdn.sofifa.org/flags/52.png,93,93,FC Barcelona,https://cdn.sofifa.org/24/18/teams/241.png,€105M,€565K,2154,92,48,90,95,95,96,77,89,97,95,90,6,11,15,14,8,71,22,68,87,88,13,74,93,95,88,85,26,87,73,28,59,90,85,92,45,59,92,84,158023,92,57,45,84,59,92,90,88,91,62,RW,92,57,45,84,59,92,90,88,91,62,88
2,Neymar,25,https://cdn.sofifa.org/48/18/players/190871.png,Brazil,https://cdn.sofifa.org/flags/54.png,92,94,Paris Saint-Germain,https://cdn.sofifa.org/24/18/teams/73.png,€123M,€280K,2100,94,56,96,82,95,92,75,81,96,89,84,9,9,15,15,11,62,36,61,75,77,21,81,90,88,81,80,33,90,78,24,53,80,83,88,46,59,88,79,190871,88,59,46,79,59,88,87,84,89,64,LW,88,59,46,79,59,88,87,84,89,64,84
3,L. Suárez,30,https://cdn.sofifa.org/48/18/players/176580.png,Uruguay,https://cdn.sofifa.org/flags/60.png,92,92,FC Barcelona,https://cdn.sofifa.org/24/18/teams/241.png,€97M,€510K,2291,88,78,86,60,91,83,77,86,86,94,84,27,25,31,33,37,77,41,69,64,86,30,85,92,93,83,87,38,77,89,45,80,84,88,87,58,65,88,80,176580,87,64,58,80,65,88,85,88,87,68,ST,87,64,58,80,65,88,85,88,87,68,88
4,M. Neuer,31,https://cdn.sofifa.org/48/18/players/167495.png,Germany,https://cdn.sofifa.org/flags/21.png,92,92,FC Bayern Munich,https://cdn.sofifa.org/24/18/teams/21.png,€61M,€230K,1493,58,29,52,35,48,70,15,14,30,13,11,91,90,95,91,89,25,30,78,59,16,10,47,12,85,55,25,11,61,44,10,83,70,11,NA,NA,NA,NA,NA,167495,NA,NA,NA,NA,NA,NA,NA,NA,NA,NA,GK,NA,NA,NA,NA,NA,NA,NA,NA,NA,NA,NA
5,R. Lewandowski,28,https://cdn.sofifa.org/48/18/players/188545.png,Poland,https://cdn.sofifa.org/flags/37.png,91,91,FC Bayern Munich,https://cdn.sofifa.org/24/18/teams/21.png,€92M,€355K,2143,79,80,78,80,89,87,62,77,85,91,84,15,6,12,8,10,85,39,84,65,83,25,81,91,91,83,88,19,83,79,42,84,78,87,84,57,62,87,78,188545,84,58,57,78,62,87,82,88,84,61,ST,84,58,57,78,62,87,82,88,84,61,88
6,De Gea,26,https://cdn.sofifa.org/48/18/players/193080.png,Spain,https://cdn.sofifa.org/flags/45.png,90,92,Manchester United,https://cdn.sofifa.org/24/18/teams/11.png,€64.5M,€215K,1458,57,38,60,43,42,64,17,21,18,13,19,90,85,87,86,90,21,30,67,51,12,13,40,12,88,50,31,13,58,40,21,64,68,13,NA,NA,NA,NA,NA,193080,NA,NA,NA,NA,NA,NA,NA,NA,NA,NA,GK,NA,NA,NA,NA,NA,NA,NA,NA,NA,NA,NA
7,E. Hazard,26,https://cdn.sofifa.org/48/18/players/183277.png,Belgium,https://cdn.sofifa.org/flags/7.png,90,91,Chelsea,https://cdn.sofifa.org/24/18/teams/5.png,€90.5M,€295K,2096,93,54,93,91,92,87,80,82,93,83,79,11,12,6,8,8,57,41,59,81,82,25,86,85,85,86,79,22,87,79,27,65,86,79,88,47,61,87,81,183277,88,59,47,81,61,87,87,82,88,64,LW,88,59,47,81,61,87,87,82,88,64,82
8,T. Kroos,27,https://cdn.sofifa.org/48/18/players/182521.png,Germany,https://cdn.sofifa.org/flags/21.png,90,90,Real Madrid CF,https://cdn.sofifa.org/24/18/teams/243.png,€79M,€340K,2165,60,60,71,69,89,85,85,85,79,76,84,10,11,13,7,10,54,85,32,93,90,63,73,79,86,90,87,69,52,77,82,74,88,82,83,72,82,81,87,182521,83,76,72,87,82,81,81,77,80,78,CDM CM,83,76,72,87,82,81,81,77,80,78,77
9,G. Higuaín,29,https://cdn.sofifa.org/48/18/players/167664.png,Argentina,https://cdn.sofifa.org/flags/52.png,90,90,Juventus,https://cdn.sofifa.org/24/18/teams/45.png,€77M,€275K,1961,78,50,75,69,85,86,68,74,84,91,62,5,12,7,5,10,86,20,79,59,82,12,70,92,88,75,88,18,80,72,22,85,70,88,81,46,52,84,71,167664,81,51,46,71,52,84,79,87,82,55,ST,81,51,46,71,52,84,79,87,82,55,87
10,Sergio Ramos,31,https://cdn.sofifa.org/48/18/players/155862.png,Spain,https://cdn.sofifa.org/flags/45.png,90,90,Real Madrid CF,https://cdn.sofifa.org/24/18/teams/243.png,€52M,€310K,2153,75,84,79,60,84,80,66,73,61,60,67,11,8,9,7,11,91,88,93,72,55,86,68,52,85,78,79,91,77,84,89,81,63,66,70,87,83,70,74,155862,70,84,87,74,83,70,71,72,69,81,CB,70,84,87,74,83,70,71,72,69,81,72
11,K. De Bruyne,26,https://cdn.sofifa.org/48/18/players/192985.png,Belgium,https://cdn.sofifa.org/flags/7.png,89,92,Manchester City,https://cdn.sofifa.org/24/18/teams/10.png,€83M,€285K,2162,76,68,80,75,87,84,90,83,85,83,83,15,13,5,10,13,53,56,65,84,86,30,77,84,88,90,85,40,75,87,51,73,90,82,86,57,70,85,84,192985,86,66,57,84,70,85,85,81,85,71,RM CM CAM,86,66,57,84,70,85,85,81,85,71,81
12,T. Courtois,25,https://cdn.sofifa.org/48/18/players/192119.png,Belgium,https://cdn.sofifa.org/flags/7.png,89,92,Chelsea,https://cdn.sofifa.org/24/18/teams/5.png,€59M,€190K,1282,46,23,61,45,23,52,14,19,13,14,11,85,91,69,86,88,13,15,68,31,17,11,27,13,81,32,36,16,52,38,18,70,44,12,NA,NA,NA,NA,NA,192119,NA,NA,NA,NA,NA,NA,NA,NA,NA,NA,GK,NA,NA,NA,NA,NA,NA,NA,NA,NA,NA,NA
13,A. Sánchez,28,https://cdn.sofifa.org/48/18/players/184941.png,Chile,https://cdn.sofifa.org/flags/55.png,89,89,Arsenal,https://cdn.sofifa.org/24/18/teams/1.png,€67.5M,€265K,2181,88,80,90,87,87,86,80,78,90,85,78,10,10,15,12,13,70,42,85,73,82,30,77,86,87,81,84,35,84,85,39,72,83,83,85,56,64,85,79,184941,85,62,56,79,64,85,85,83,86,66,RM LW ST LM,85,62,56,79,64,85,85,83,86,66,83
14,L. Modrić,31,https://cdn.sofifa.org/48/18/players/177003.png,Croatia,https://cdn.sofifa.org/flags/10.png,89,89,Real Madrid CF,https://cdn.sofifa.org/24/18/teams/243.png,€57M,€340K,2228,75,62,93,94,92,84,78,79,86,71,77,13,9,7,14,9,55,76,67,83,82,66,80,79,88,92,73,73,71,82,80,58,90,74,86,72,80,83,86,177003,86,78,72,86,80,83,84,76,83,80,CDM CM,86,78,72,86,80,83,84,76,83,80,76
15,G. Bale,27,https://cdn.sofifa.org/48/18/players/173731.png,Wales,https://cdn.sofifa.org/flags/50.png,89,89,Real Madrid CF,https://cdn.sofifa.org/24/18/teams/243.png,€69.5M,€370K,2263,93,65,77,65,87,85,87,86,89,87,85,15,15,11,5,6,86,59,85,80,90,51,76,86,87,86,91,52,95,76,55,80,79,76,86,67,71,87,81,173731,86,72,67,81,71,87,87,87,87,74,RW,86,72,67,81,71,87,87,87,87,74,87
16,S. Agüero,29,https://cdn.sofifa.org/48/18/players/153079.png,Argentina,https://cdn.sofifa.org/flags/52.png,89,89,Manchester City,https://cdn.sofifa.org/24/18/teams/10.png,€66.5M,€325K,2074,90,63,86,91,89,90,70,82,89,90,72,13,15,6,11,14,68,24,80,63,83,13,83,91,89,79,88,12,84,74,20,74,83,85,85,44,54,87,75,153079,85,52,44,75,54,87,84,86,86,57,ST,85,52,44,75,54,87,84,86,86,57,86
17,G. Chiellini,32,https://cdn.sofifa.org/48/18/players/138956.png,Italy,https://cdn.sofifa.org/flags/27.png,89,89,Juventus,https://cdn.sofifa.org/24/18/teams/45.png,€38M,€225K,1867,68,92,59,64,57,82,58,60,58,33,31,3,3,2,4,3,84,88,89,59,49,92,50,28,82,59,78,90,78,68,92,91,50,45,55,86,76,55,60,138956,55,78,86,60,76,55,58,59,56,75,CB,55,78,86,60,76,55,58,59,56,75,59
18,G. Buffon,39,https://cdn.sofifa.org/48/18/players/1179.png,Italy,https://cdn.sofifa.org/flags/27.png,89,89,Juventus,https://cdn.sofifa.org/24/18/teams/45.png,€4.5M,€110K,1335,49,38,55,49,28,70,13,20,26,15,13,89,88,74,90,84,13,28,75,35,13,10,22,12,80,37,39,11,43,39,11,69,50,17,NA,NA,NA,NA,NA,1179,NA,NA,NA,NA,NA,NA,NA,NA,NA,NA,GK,NA,NA,NA,NA,NA,NA,NA,NA,NA,NA,NA
19,P. Dybala,23,https://cdn.sofifa.org/48/18/players/211110.png,Argentina,https://cdn.sofifa.org/flags/52.png,88,93,Juventus,https://cdn.sofifa.org/24/18/teams/45.png,€79M,€215K,2063,88,48,91,85,93,84,80,88,92,85,84,5,4,4,5,8,68,24,75,71,88,14,86,84,84,83,82,20,84,83,20,65,84,88,86,43,55,86,78,211110,86,55,43,78,55,86,86,83,87,60,ST CAM,86,55,43,78,55,86,86,83,87,60,83
20,J. Oblak,24,https://cdn.sofifa.org/48/18/players/200389.png,Slovenia,https://cdn.sofifa.org/flags/44.png,88,93,Atlético Madrid,https://cdn.sofifa.org/24/18/teams/240.png,€57M,€82K,1290,43,34,67,49,16,55,13,13,12,11,14,84,90,77,87,84,15,19,76,26,12,14,11,11,84,29,22,18,60,41,12,78,55,13,NA,NA,NA,NA,NA,200389,NA,NA,NA,NA,NA,NA,NA,NA,NA,NA,GK,NA,NA,NA,NA,NA,NA,NA,NA,NA,NA,NA
21,A. Griezmann,26,https://cdn.sofifa.org/48/18/players/194765.png,France,https://cdn.sofifa.org/flags/18.png,88,91,Atlético Madrid,https://cdn.sofifa.org/24/18/teams/240.png,€75M,€150K,2104,87,69,90,80,86,86,82,84,87,88,75,14,8,14,13,14,80,35,87,75,82,23,71,91,90,79,81,11,86,76,22,61,76,87,84,48,57,85,76,194765,84,56,48,76,57,85,84,85,86,60,LW RW ST,84,56,48,76,57,85,84,85,86,60,85
22,Thiago,26,https://cdn.sofifa.org/48/18/players/189509.png,Spain,https://cdn.sofifa.org/flags/45.png,88,90,FC Bayern Munich,https://cdn.sofifa.org/24/18/teams/21.png,€70.5M,€225K,2185,77,57,90,86,92,83,72,85,90,69,77,6,11,7,9,13,58,78,75,90,82,49,75,83,84,91,75,62,68,75,64,59,86,90,86,66,76,83,85,189509,86,72,66,85,76,83,83,77,83,75,CDM CAM CM,86,72,66,85,76,83,83,77,83,75,77
23,P. Aubameyang,28,https://cdn.sofifa.org/48/18/players/188567.png,Gabon,https://cdn.sofifa.org/flags/115.png,88,88,Borussia Dortmund,https://cdn.sofifa.org/24/18/teams/22.png,€61M,€165K,2078,95,43,77,70,82,84,77,78,82,88,74,6,9,15,9,9,79,48,77,64,79,28,79,89,87,77,81,36,96,79,25,77,77,86,82,52,59,84,74,188567,82,62,52,74,59,84,83,85,84,65,ST,82,62,52,74,59,84,83,85,84,65,85
24,L. Bonucci,30,https://cdn.sofifa.org/48/18/players/184344.png,Italy,https://cdn.sofifa.org/flags/27.png,88,88,Milan,https://cdn.sofifa.org/24/18/teams/47.png,€44M,€210K,1995,62,82,60,52,75,84,44,56,69,39,61,2,2,3,2,4,88,90,85,85,65,84,70,38,86,79,74,88,72,73,88,85,74,58,68,86,83,66,75,184344,68,79,86,75,83,66,66,65,63,76,CB,68,79,86,75,83,66,66,65,63,76,65
25,J. Boateng,28,https://cdn.sofifa.org/48/18/players/183907.png,Germany,https://cdn.sofifa.org/flags/21.png,88,88,FC Bayern Munich,https://cdn.sofifa.org/24/18/teams/21.png,€48M,€215K,1989,72,82,58,53,71,86,69,56,67,34,31,7,12,15,6,5,85,83,75,80,58,88,46,47,82,75,79,90,78,74,91,91,76,53,67,85,82,66,73,183907,67,81,85,73,82,66,69,65,65,79,CB,67,81,85,73,82,66,69,65,65,79,65
26,D. Godín,31,https://cdn.sofifa.org/48/18/players/182493.png,Uruguay,https://cdn.sofifa.org/flags/60.png,88,88,Atlético Madrid,https://cdn.sofifa.org/24/18/teams/240.png,€40M,€125K,1930,62,86,63,58,76,82,55,49,53,42,51,6,8,15,5,15,92,88,89,70,43,87,50,48,85,79,67,89,67,67,86,80,52,47,63,86,80,62,69,182493,63,79,86,69,80,62,63,64,61,76,CB,63,79,86,69,80,62,63,64,61,76,64
27,M. Hummels,28,https://cdn.sofifa.org/48/18/players/178603.png,Germany,https://cdn.sofifa.org/flags/21.png,88,88,FC Bayern Munich,https://cdn.sofifa.org/24/18/teams/21.png,€48M,€215K,2038,62,66,64,58,77,91,64,65,68,55,53,15,6,10,5,6,89,89,68,85,51,85,68,56,85,80,71,90,65,66,92,85,79,60,71,85,83,69,77,178603,71,80,85,77,83,69,70,69,68,78,CB,71,80,85,77,83,69,70,69,68,78,69
28,M. Özil,28,https://cdn.sofifa.org/48/18/players/176635.png,Germany,https://cdn.sofifa.org/flags/21.png,88,88,Arsenal,https://cdn.sofifa.org/24/18/teams/1.png,€60M,€265K,1927,75,48,83,70,90,78,82,84,86,74,79,6,14,10,6,14,54,24,52,84,76,22,67,83,87,89,70,19,68,69,16,57,92,77,85,41,57,82,79,176635,85,52,41,79,57,82,83,76,83,58,RW CAM,85,52,41,79,57,82,83,76,83,58,76
29,H. Lloris,30,https://cdn.sofifa.org/48/18/players/167948.png,France,https://cdn.sofifa.org/flags/18.png,88,88,Tottenham Hotspur,https://cdn.sofifa.org/24/18/teams/18.png,€38M,€165K,1318,65,31,55,54,34,61,13,11,10,10,10,88,86,68,82,90,10,27,74,50,14,12,40,10,85,50,23,18,63,41,10,43,30,11,NA,NA,NA,NA,NA,167948,NA,NA,NA,NA,NA,NA,NA,NA,NA,NA,GK,NA,NA,NA,NA,NA,NA,NA,NA,NA,NA,NA
30,Thiago Silva,32,https://cdn.sofifa.org/48/18/players/164240.png,Brazil,https://cdn.sofifa.org/flags/54.png,88,88,Paris Saint-Germain,https://cdn.sofifa.org/24/18/teams/73.png,€34M,€175K,2124,70,77,74,68,80,83,60,61,68,38,67,9,12,5,9,10,82,89,93,81,71,90,71,59,84,79,74,88,74,74,89,81,74,63,72,85,83,69,77,164240,72,81,85,77,83,69,70,67,68,79,CB,72,81,85,77,83,69,70,67,68,79,67
31,Z. Ibrahimović,35,https://cdn.sofifa.org/48/18/players/41236.png,Sweden,https://cdn.sofifa.org/flags/46.png,88,88,Manchester United,https://cdn.sofifa.org/24/18/teams/11.png,€27M,€240K,2075,63,84,81,41,88,91,76,82,82,87,82,13,15,10,9,12,80,20,69,76,85,15,91,86,86,84,91,27,67,71,41,88,83,90,83,52,60,83,78,41236,83,54,52,78,60,83,80,84,82,58,ST,83,54,52,78,60,83,80,84,82,58,84
32,A. Robben,33,https://cdn.sofifa.org/48/18/players/9014.png,Netherlands,https://cdn.sofifa.org/flags/34.png,88,88,FC Bayern Munich,https://cdn.sofifa.org/24/18/teams/21.png,€36M,€225K,2081,87,47,89,91,89,86,80,87,92,85,81,10,8,11,5,15,51,39,61,71,88,29,80,85,87,84,87,26,86,68,26,67,83,86,86,47,59,86,78,9014,86,58,47,78,59,86,85,82,87,63,RW RM,86,58,47,78,59,86,85,82,87,63,82
33,N. Kanté,26,https://cdn.sofifa.org/48/18/players/215914.png,France,https://cdn.sofifa.org/flags/18.png,87,90,Chelsea,https://cdn.sofifa.org/24/18/teams/5.png,€52.5M,€190K,2154,82,90,83,90,79,84,67,49,77,65,49,15,12,10,7,10,54,91,79,79,66,75,54,71,87,84,72,85,80,94,89,77,76,56,78,81,84,76,81,215914,78,82,81,81,84,76,78,72,76,83,CM CDM,78,82,81,81,84,76,78,72,76,83,72
34,M. Verratti,24,https://cdn.sofifa.org/48/18/players/199556.png,Italy,https://cdn.sofifa.org/flags/27.png,87,91,Paris Saint-Germain,https://cdn.sofifa.org/24/18/teams/73.png,€64.5M,€130K,2154,69,89,87,94,88,91,72,73,90,58,64,12,12,15,15,10,55,86,64,89,58,76,64,71,87,90,56,79,62,77,84,56,88,64,82,77,84,77,85,199556,82,79,77,85,84,77,80,69,78,80,CDM CM,82,79,77,85,84,77,80,69,78,80,69
35,P. Pogba,24,https://cdn.sofifa.org/48/18/players/195864.png,France,https://cdn.sofifa.org/flags/18.png,87,92,Manchester United,https://cdn.sofifa.org/24/18/teams/11.png,€66.5M,€195K,2238,72,75,76,61,89,85,78,84,86,71,82,5,6,2,4,3,73,68,85,88,82,66,76,83,84,86,90,66,76,91,68,91,86,85,84,74,79,83,84,195864,84,75,74,84,79,83,83,81,82,77,CDM CM,84,75,74,84,79,83,83,81,82,77,81
36,C. Eriksen,25,https://cdn.sofifa.org/48/18/players/190460.png,Denmark,https://cdn.sofifa.org/flags/13.png,87,91,Tottenham Hotspur,https://cdn.sofifa.org/24/18/teams/18.png,€65M,€165K,2064,77,44,78,82,87,87,86,85,84,76,87,9,14,7,7,6,52,55,57,86,84,38,67,81,83,89,80,22,74,90,56,57,90,74,85,53,68,82,83,190460,85,64,53,83,68,82,84,77,83,69,LM RM CAM,85,64,53,83,68,82,84,77,83,69,77
37,A. Vidal,30,https://cdn.sofifa.org/48/18/players/181872.png,Chile,https://cdn.sofifa.org/flags/55.png,87,87,FC Bayern Munich,https://cdn.sofifa.org/24/18/teams/21.png,€37.5M,€160K,2278,76,93,75,77,83,86,76,76,76,77,68,4,2,4,2,4,81,85,82,82,85,76,81,80,89,84,86,85,74,91,89,77,80,78,81,84,85,81,83,181872,81,83,84,83,85,81,80,81,80,83,CM CDM,81,83,84,83,85,81,80,81,80,83,81
38,E. Cavani,30,https://cdn.sofifa.org/48/18/players/179813.png,Uruguay,https://cdn.sofifa.org/flags/60.png,87,87,Paris Saint-Germain,https://cdn.sofifa.org/24/18/teams/73.png,€48.5M,€160K,2097,75,84,81,59,80,83,70,75,80,83,74,12,5,13,13,10,88,48,88,50,78,24,84,92,91,78,85,27,78,92,45,74,77,84,80,58,62,82,74,179813,80,61,58,74,62,82,79,84,80,64,ST,80,61,58,74,62,82,79,84,80,64,84
39,Marcelo,29,https://cdn.sofifa.org/48/18/players/176676.png,Brazil,https://cdn.sofifa.org/flags/54.png,87,87,Real Madrid CF,https://cdn.sofifa.org/24/18/teams/243.png,€38M,€250K,2209,77,84,77,82,88,85,90,80,84,67,67,12,5,5,5,9,71,83,77,76,66,80,59,75,87,82,83,87,79,81,85,77,75,54,79,82,82,79,80,176676,79,84,82,80,82,79,81,77,80,84,LB,79,84,82,80,82,79,81,77,80,84,77
40,M. Hamšík,29,https://cdn.sofifa.org/48/18/players/171877.png,Slovakia,https://cdn.sofifa.org/flags/43.png,87,87,Napoli,https://cdn.sofifa.org/24/18/teams/48.png,€48.5M,€130K,2184,72,56,76,66,87,84,78,80,86,78,72,8,6,4,14,14,74,72,71,82,83,60,70,88,88,88,82,62,75,85,73,69,86,79,85,71,77,84,85,171877,85,75,71,85,77,84,83,81,83,77,CM,85,75,71,85,77,84,83,81,83,77,81
41,I. Rakitić,29,https://cdn.sofifa.org/48/18/players/168651.png,Croatia,https://cdn.sofifa.org/flags/10.png,87,87,FC Barcelona,https://cdn.sofifa.org/24/18/teams/241.png,€48.5M,€275K,2129,67,67,72,66,87,81,81,88,84,83,84,14,11,12,5,9,58,69,44,92,88,52,78,80,79,87,84,53,64,76,65,63,87,80,83,64,74,82,84,168651,83,69,64,84,74,82,82,78,81,72,CM,83,69,64,84,74,82,82,78,81,72,78
42,David Silva,31,https://cdn.sofifa.org/48/18/players/168542.png,Spain,https://cdn.sofifa.org/flags/45.png,87,87,Manchester City,https://cdn.sofifa.org/24/18/teams/10.png,€44M,€220K,1977,72,51,92,89,90,92,83,82,84,71,75,1,1,1,1,1,54,43,66,79,73,25,73,81,84,91,71,29,65,78,44,56,92,79,84,50,64,81,81,168542,84,59,50,81,64,81,82,75,82,65,LM CM CAM,84,59,50,81,64,81,82,75,82,65,75
43,S. Handanovič,32,https://cdn.sofifa.org/48/18/players/162835.png,Slovenia,https://cdn.sofifa.org/flags/44.png,87,87,Inter,https://cdn.sofifa.org/24/18/teams/44.png,€29M,€91K,1264,54,25,42,36,24,62,12,12,18,10,14,87,86,69,87,87,10,22,78,34,19,17,23,12,83,36,22,13,57,41,10,71,41,12,NA,NA,NA,NA,NA,162835,NA,NA,NA,NA,NA,NA,NA,NA,NA,NA,GK,NA,NA,NA,NA,NA,NA,NA,NA,NA,NA,NA
44,Piqué,30,https://cdn.sofifa.org/48/18/players/152729.png,Spain,https://cdn.sofifa.org/flags/45.png,87,87,FC Barcelona,https://cdn.sofifa.org/24/18/teams/241.png,€37.5M,€240K,1974,55,72,58,42,78,86,57,58,59,64,43,10,11,14,15,8,83,88,74,80,51,86,69,58,84,81,62,86,73,66,87,83,62,57,68,84,81,68,74,152729,68,78,84,74,81,68,68,69,66,76,CB,68,78,84,74,81,68,68,69,66,76,69
45,Iniesta,33,https://cdn.sofifa.org/48/18/players/41.png,Spain,https://cdn.sofifa.org/flags/45.png,87,87,FC Barcelona,https://cdn.sofifa.org/24/18/teams/241.png,€29.5M,€260K,2073,72,58,79,84,94,89,77,80,90,70,70,6,13,6,13,7,54,66,52,86,71,57,71,84,88,92,65,56,71,58,57,58,94,74,87,63,74,83,84,41,87,69,63,84,74,83,84,76,84,72,LM CM,87,69,63,84,74,83,84,76,84,72,76
46,H. Kane,23,https://cdn.sofifa.org/48/18/players/202126.png,England,https://cdn.sofifa.org/flags/14.png,86,90,Tottenham Hotspur,https://cdn.sofifa.org/24/18/teams/18.png,€59M,€165K,2057,68,74,73,62,82,84,70,71,78,90,66,8,10,11,14,11,83,35,70,67,84,41,84,89,87,75,87,38,74,85,36,86,75,73,79,57,62,82,74,202126,79,60,57,74,62,82,78,84,79,62,ST,79,60,57,74,62,82,78,84,79,62,84
47,J. Rodríguez,25,https://cdn.sofifa.org/48/18/players/198710.png,Colombia,https://cdn.sofifa.org/flags/56.png,86,89,FC Bayern Munich,https://cdn.sofifa.org/24/18/teams/21.png,€56M,€250K,2118,77,65,82,75,85,87,88,87,83,82,86,15,15,15,5,14,62,55,54,80,91,25,81,80,84,84,86,30,75,68,42,70,86,91,83,53,64,83,79,198710,83,61,53,79,64,83,82,80,83,65,RM CM CAM,83,61,53,79,64,83,82,80,83,65,80
48,Isco,25,https://cdn.sofifa.org/48/18/players/197781.png,Spain,https://cdn.sofifa.org/flags/45.png,86,90,Real Madrid CF,https://cdn.sofifa.org/24/18/teams/243.png,€56.5M,€250K,2105,74,58,83,85,91,86,72,86,90,88,74,10,8,12,15,6,55,70,64,85,87,25,76,83,79,86,72,51,69,71,73,59,84,64,85,61,71,84,84,197781,85,67,61,84,71,84,82,79,83,70,LM RM CAM CM,85,67,61,84,71,84,82,79,83,70,79
49,D. Alaba,25,https://cdn.sofifa.org/48/18/players/197445.png,Austria,https://cdn.sofifa.org/flags/4.png,86,88,FC Bayern Munich,https://cdn.sofifa.org/24/18/teams/21.png,€44.5M,€150K,2278,86,69,79,77,83,79,82,78,79,63,85,5,7,14,15,9,75,85,82,80,83,81,80,77,84,83,83,83,86,87,83,69,78,68,80,80,82,79,81,197445,80,83,80,81,82,79,81,77,80,84,CM CB LB,80,83,80,81,82,79,81,77,80,84,77
50,R. Lukaku,24,https://cdn.sofifa.org/48/18/players/192505.png,Belgium,https://cdn.sofifa.org/flags/7.png,86,90,Manchester United,https://cdn.sofifa.org/24/18/teams/11.png,€59M,€210K,1997,76,72,62,47,75,84,68,72,77,89,66,8,15,14,7,10,87,27,71,68,75,27,82,87,85,71,88,30,89,80,30,93,73,76,77,53,57,80,71,192505,77,56,53,71,57,80,77,84,78,58,ST,77,56,53,71,57,80,77,84,78,58,84
51,Alex Sandro,26,https://cdn.sofifa.org/48/18/players/191043.png,Brazil,https://cdn.sofifa.org/flags/54.png,86,88,Juventus,https://cdn.sofifa.org/24/18/teams/45.png,€44M,€175K,2207,84,82,79,79,81,82,86,78,82,55,59,7,7,9,12,5,76,82,79,71,72,78,60,70,86,81,80,84,88,93,84,80,70,68,77,81,81,76,78,191043,77,84,81,78,81,76,80,75,78,84,LM LB,77,84,81,78,81,76,80,75,78,84,75
52,T. Müller,27,https://cdn.sofifa.org/48/18/players/189596.png,Germany,https://cdn.sofifa.org/flags/21.png,86,86,FC Bayern Munich,https://cdn.sofifa.org/24/18/teams/21.png,€47.5M,€190K,2078,76,57,76,72,82,83,77,81,75,87,59,6,7,11,14,14,82,58,81,68,77,31,60,93,92,81,77,44,78,90,41,67,81,83,81,58,65,83,78,189596,81,66,58,78,65,83,81,83,81,68,ST CAM RW CF,81,66,58,78,65,83,81,83,81,68,83
53,Sergio Busquets,28,https://cdn.sofifa.org/48/18/players/189511.png,Spain,https://cdn.sofifa.org/flags/45.png,86,86,FC Barcelona,https://cdn.sofifa.org/24/18/teams/241.png,€36M,€250K,1998,48,85,58,55,80,88,62,66,74,60,68,5,8,13,9,13,68,86,66,79,54,81,60,77,82,88,61,80,34,88,85,77,84,44,75,80,83,72,81,189511,75,76,80,81,83,72,73,68,70,77,CM CDM,75,76,80,81,83,72,73,68,70,77,68
54,Coutinho,25,https://cdn.sofifa.org/48/18/players/189242.png,Brazil,https://cdn.sofifa.org/flags/54.png,86,89,Liverpool,https://cdn.sofifa.org/24/18/teams/9.png,€56M,€205K,2049,88,55,92,92,88,85,77,84,88,74,82,12,7,9,14,6,47,30,59,78,86,24,64,83,81,85,80,40,77,80,44,61,87,75,85,49,61,83,79,189242,85,60,49,79,61,83,83,77,84,64,CAM LW,85,60,49,79,61,83,83,77,84,64,77
55,M. Reus,28,https://cdn.sofifa.org/48/18/players/188350.png,Germany,https://cdn.sofifa.org/flags/21.png,86,86,Borussia Dortmund,https://cdn.sofifa.org/24/18/teams/22.png,€45M,€120K,2157,86,49,86,81,85,83,80,90,86,86,84,12,12,13,13,11,49,50,72,80,88,30,87,86,87,86,87,46,90,68,36,67,86,88,86,52,64,86,80,188350,86,63,52,80,64,86,84,82,86,67,LW ST LM,86,63,52,80,64,86,84,82,86,67,82
56,T. Alderweireld,28,https://cdn.sofifa.org/48/18/players/184087.png,Belgium,https://cdn.sofifa.org/flags/7.png,86,87,Tottenham Hotspur,https://cdn.sofifa.org/24/18/teams/18.png,€40.5M,€165K,2047,62,81,60,50,70,81,64,63,62,45,69,16,6,14,16,14,82,84,81,81,66,89,60,56,86,77,86,85,69,76,90,82,67,38,67,84,81,67,74,184087,67,79,84,74,81,67,67,67,65,77,CB,67,79,84,74,81,67,67,67,65,77,67
57,David Luiz,30,https://cdn.sofifa.org/48/18/players/179944.png,Brazil,https://cdn.sofifa.org/flags/54.png,86,86,Chelsea,https://cdn.sofifa.org/24/18/teams/5.png,€33M,€190K,2123,68,86,72,56,79,78,68,70,66,55,76,11,12,10,7,14,83,87,80,78,71,80,75,54,79,79,77,84,71,76,85,81,69,64,71,83,81,69,75,179944,71,79,83,75,81,69,70,69,69,78,CB,71,79,83,75,81,69,70,69,69,78,69
58,Diego Costa,28,https://cdn.sofifa.org/48/18/players/179844.png,Spain,https://cdn.sofifa.org/flags/45.png,86,86,Chelsea,https://cdn.sofifa.org/24/18/teams/5.png,€46M,€235K,1984,74,93,58,52,83,84,65,62,77,88,59,11,13,12,8,11,83,40,64,52,73,28,76,88,86,67,84,34,75,83,39,91,74,81,76,57,60,80,71,179844,76,58,57,71,60,80,76,83,77,60,ST,76,58,57,71,60,80,76,83,77,60,83
59,R. Nainggolan,29,https://cdn.sofifa.org/48/18/players/178518.png,Belgium,https://cdn.sofifa.org/flags/7.png,86,86,Roma,https://cdn.sofifa.org/24/18/teams/52.png,€42.5M,€130K,2286,80,88,81,84,85,85,73,73,80,76,68,11,11,14,8,11,59,86,76,81,86,78,63,88,87,84,84,88,76,94,86,76,76,75,82,81,84,82,84,178518,82,83,81,84,84,82,82,80,81,84,CAM CM,82,83,81,84,84,82,82,80,81,84,80
60,Javi Martínez,28,https://cdn.sofifa.org/48/18/players/177610.png,Spain,https://cdn.sofifa.org/flags/45.png,86,86,FC Bayern Munich,https://cdn.sofifa.org/24/18/teams/21.png,€36M,€165K,1973,49,91,54,58,71,83,60,54,62,53,45,5,12,9,11,8,90,86,83,74,63,84,52,57,84,75,76,87,50,64,87,84,74,61,67,84,80,66,72,177610,67,76,84,72,80,66,65,67,63,74,CDM CB,67,76,84,72,80,66,65,67,63,74,67
61,D. Mertens,30,https://cdn.sofifa.org/48/18/players/175943.png,Belgium,https://cdn.sofifa.org/flags/7.png,86,86,Napoli,https://cdn.sofifa.org/24/18/teams/48.png,€43M,€135K,2035,93,59,94,92,88,81,77,81,89,85,77,7,10,8,10,4,35,36,60,74,81,30,78,85,85,81,80,40,87,75,40,42,82,70,85,47,60,85,78,175943,85,60,47,78,60,85,84,78,86,65,ST LW CF,85,60,47,78,60,85,84,78,86,65,78
62,Sokratis,29,https://cdn.sofifa.org/48/18/players/172879.png,Greece,https://cdn.sofifa.org/flags/22.png,86,86,Borussia Dortmund,https://cdn.sofifa.org/24/18/teams/22.png,€34.5M,€110K,1885,71,91,62,68,58,82,47,36,58,44,35,6,8,5,12,5,87,80,87,64,48,88,33,50,81,64,79,86,84,74,90,86,52,46,59,84,76,61,63,172879,59,77,84,63,76,61,61,64,59,73,CB,59,77,84,63,76,61,61,64,59,73,64
63,Miranda,32,https://cdn.sofifa.org/48/18/players/168609.png,Brazil,https://cdn.sofifa.org/flags/54.png,86,86,Inter,https://cdn.sofifa.org/24/18/teams/44.png,€25.5M,€115K,1890,67,83,61,57,72,84,48,32,65,43,39,12,6,10,13,12,83,88,82,69,41,89,49,43,82,70,70,86,74,65,90,80,58,51,63,84,79,62,67,168609,63,77,84,67,79,62,63,63,61,75,CB,63,77,84,67,79,62,63,63,61,75,63
64,K. Benzema,29,https://cdn.sofifa.org/48/18/players/165153.png,France,https://cdn.sofifa.org/flags/18.png,86,86,Real Madrid CF,https://cdn.sofifa.org/24/18/teams/243.png,€44.5M,€295K,1950,77,65,77,60,86,82,75,79,82,87,73,13,11,5,5,7,78,22,70,47,77,13,82,87,83,86,83,12,78,73,15,78,85,79,82,44,52,84,72,165153,82,51,44,72,52,84,80,83,83,56,ST,82,51,44,72,52,84,80,83,83,56,83
65,Cesc Fàbregas,30,https://cdn.sofifa.org/48/18/players/162895.png,Spain,https://cdn.sofifa.org/flags/45.png,86,86,Chelsea,https://cdn.sofifa.org/24/18/teams/5.png,€41M,€210K,2118,65,45,65,77,86,92,85,77,80,76,81,6,10,8,15,15,74,50,68,90,75,60,80,78,81,91,77,62,62,80,63,64,91,81,82,64,72,80,83,162895,82,70,64,83,72,80,81,77,80,72,CAM CDM CM,82,70,64,83,72,80,81,77,80,72,77
66,F. Ribéry,34,https://cdn.sofifa.org/48/18/players/156616.png,France,https://cdn.sofifa.org/flags/18.png,86,86,FC Bayern Munich,https://cdn.sofifa.org/24/18/teams/21.png,€22.5M,€175K,1965,85,52,88,91,90,86,81,83,90,76,81,15,6,9,7,10,41,36,34,75,75,13,78,81,86,86,76,26,79,64,25,60,86,80,85,42,57,83,78,156616,85,55,42,78,57,83,83,77,84,61,LW LM,85,55,42,78,57,83,83,77,84,61,77
67,Pepe,34,https://cdn.sofifa.org/48/18/players/120533.png,Portugal,https://cdn.sofifa.org/flags/38.png,86,86,Beşiktaş JK,https://cdn.sofifa.org/24/18/teams/327.png,€13.5M,€94K,1839,65,94,63,49,62,77,46,44,58,46,47,8,15,5,9,10,80,86,76,61,56,86,57,40,83,70,63,87,70,62,86,84,48,23,59,83,76,59,63,120533,59,75,83,63,76,59,59,61,58,72,CB,59,75,83,63,76,59,59,61,58,72,61
68,P. Čech,35,https://cdn.sofifa.org/48/18/players/48940.png,Czech Republic,https://cdn.sofifa.org/flags/12.png,86,86,Arsenal,https://cdn.sofifa.org/24/18/teams/1.png,€10.5M,€92K,1206,40,17,49,34,22,70,19,13,12,12,19,82,87,76,83,81,19,23,51,33,11,11,23,13,84,35,21,12,44,32,13,65,53,17,NA,NA,NA,NA,NA,48940,NA,NA,NA,NA,NA,NA,NA,NA,NA,NA,GK,NA,NA,NA,NA,NA,NA,NA,NA,NA,NA,NA
69,Y. Carrasco,23,https://cdn.sofifa.org/48/18/players/208418.png,Belgium,https://cdn.sofifa.org/flags/7.png,85,90,Atlético Madrid,https://cdn.sofifa.org/24/18/teams/240.png,€51.5M,€77K,1991,87,61,91,71,86,75,80,81,91,79,78,9,11,9,10,10,53,18,68,74,75,19,74,82,83,79,84,26,89,73,39,59,74,68,82,45,56,83,74,208418,82,56,45,74,56,83,83,79,84,60,RM LM,82,56,45,74,56,83,83,79,84,60,79
70,R. Varane,24,https://cdn.sofifa.org/48/18/players/201535.png,France,https://cdn.sofifa.org/flags/18.png,85,92,Real Madrid CF,https://cdn.sofifa.org/24/18/teams/243.png,€46.5M,€175K,1875,77,77,58,47,77,82,36,46,57,40,54,11,11,9,5,14,83,82,80,76,53,84,43,44,81,75,52,85,81,68,86,85,56,42,64,83,79,62,69,201535,64,77,83,69,79,62,63,62,61,73,CB,64,77,83,69,79,62,63,62,61,73,62
71,Casemiro,25,https://cdn.sofifa.org/48/18/players/200145.png,Brazil,https://cdn.sofifa.org/flags/54.png,85,89,Real Madrid CF,https://cdn.sofifa.org/24/18/teams/243.png,€42M,€195K,2138,63,87,66,57,78,86,52,59,69,59,74,13,14,16,12,12,74,86,87,84,77,83,66,66,83,82,86,86,61,85,87,85,76,53,74,83,84,72,79,200145,74,78,83,79,84,72,71,72,69,77,CDM,74,78,83,79,84,72,71,72,69,77,72
72,L. Insigne,26,https://cdn.sofifa.org/48/18/players/198219.png,Italy,https://cdn.sofifa.org/flags/27.png,85,86,Napoli,https://cdn.sofifa.org/24/18/teams/48.png,€45M,€115K,1949,94,34,96,93,90,78,83,83,88,73,77,8,4,14,9,10,56,26,53,73,80,16,61,83,80,83,70,22,86,75,24,44,87,74,85,39,54,83,77,198219,85,55,39,77,54,83,84,76,85,60,LW,85,55,39,77,54,83,84,76,85,60,76
73,A. Lacazette,26,https://cdn.sofifa.org/48/18/players/193301.png,France,https://cdn.sofifa.org/flags/18.png,85,88,Arsenal,https://cdn.sofifa.org/24/18/teams/1.png,€48.5M,€180K,2063,84,70,87,84,84,86,64,74,85,87,71,11,6,9,5,6,72,40,76,59,76,23,84,87,85,79,81,30,87,80,42,79,74,82,81,54,60,83,74,193301,81,59,54,74,60,83,80,83,82,62,ST,81,59,54,74,60,83,80,83,82,62,83
74,K. Navas,30,https://cdn.sofifa.org/48/18/players/193041.png,Costa Rica,https://cdn.sofifa.org/flags/72.png,85,85,Real Madrid CF,https://cdn.sofifa.org/24/18/teams/243.png,€24.5M,€165K,1301,54,32,60,61,19,49,11,11,16,15,15,87,82,72,80,85,11,20,74,37,13,12,25,16,82,30,21,14,53,39,14,75,54,11,NA,NA,NA,NA,NA,193041,NA,NA,NA,NA,NA,NA,NA,NA,NA,NA,GK,NA,NA,NA,NA,NA,NA,NA,NA,NA,NA,NA
75,H. Mkhitaryan,28,https://cdn.sofifa.org/48/18/players/192883.png,Armenia,https://cdn.sofifa.org/flags/3.png,85,85,Manchester United,https://cdn.sofifa.org/24/18/teams/11.png,€39M,€195K,2148,88,69,89,85,87,79,79,83,87,77,64,5,11,14,5,7,53,64,71,72,75,49,72,82,82,84,87,55,84,86,53,63,85,81,84,62,70,83,80,192883,84,70,62,80,70,83,83,79,84,73,LM RW RM,84,70,62,80,70,83,83,79,84,73,79
76,D. Subašić,32,https://cdn.sofifa.org/48/18/players/192593.png,Croatia,https://cdn.sofifa.org/flags/10.png,85,85,AS Monaco,https://cdn.sofifa.org/24/18/teams/69.png,€22M,€46K,1305,51,31,42,37,19,65,11,24,11,10,66,84,79,79,85,87,13,20,75,26,14,15,23,15,82,24,24,13,54,32,14,80,52,13,NA,NA,NA,NA,NA,192593,NA,NA,NA,NA,NA,NA,NA,NA,NA,NA,GK,NA,NA,NA,NA,NA,NA,NA,NA,NA,NA,NA
77,B. Leno,25,https://cdn.sofifa.org/48/18/players/192563.png,Germany,https://cdn.sofifa.org/flags/21.png,85,88,Bayer 04 Leverkusen,https://cdn.sofifa.org/24/18/teams/32.png,€34M,€61K,1247,46,28,52,44,22,62,9,9,16,9,8,85,84,74,85,83,13,22,73,33,14,8,23,7,81,37,23,18,52,43,15,68,53,10,NA,NA,NA,NA,NA,192563,NA,NA,NA,NA,NA,NA,NA,NA,NA,NA,GK,NA,NA,NA,NA,NA,NA,NA,NA,NA,NA,NA
78,M. ter Stegen,25,https://cdn.sofifa.org/48/18/players/192448.png,Germany,https://cdn.sofifa.org/flags/21.png,85,89,FC Barcelona,https://cdn.sofifa.org/24/18/teams/241.png,€35.5M,€155K,1274,38,43,37,43,18,62,15,18,17,14,12,84,83,87,81,86,11,22,79,38,10,10,25,11,82,30,22,10,50,35,13,79,57,14,NA,NA,NA,NA,NA,192448,NA,NA,NA,NA,NA,NA,NA,NA,NA,NA,GK,NA,NA,NA,NA,NA,NA,NA,NA,NA,NA,NA
79,K. Glik,29,https://cdn.sofifa.org/48/18/players/190547.png,Poland,https://cdn.sofifa.org/flags/37.png,85,85,AS Monaco,https://cdn.sofifa.org/24/18/teams/69.png,€30M,€60K,1612,53,86,34,55,59,79,29,35,51,27,26,10,14,5,8,10,85,87,82,59,20,85,39,24,79,63,57,83,58,72,87,90,23,17,47,83,74,48,55,190547,47,72,83,55,74,48,50,52,45,68,CB,47,72,83,55,74,48,50,52,45,68,52
80,Jordi Alba,28,https://cdn.sofifa.org/48/18/players/189332.png,Spain,https://cdn.sofifa.org/flags/45.png,85,85,FC Barcelona,https://cdn.sofifa.org/24/18/teams/241.png,€30.5M,€215K,2206,93,75,90,86,83,75,82,77,80,73,64,13,15,13,6,13,63,83,81,70,66,81,59,77,82,79,64,83,93,90,84,60,68,60,78,78,80,78,78,189332,78,83,78,78,80,78,81,75,80,84,LB,78,83,78,78,80,78,81,75,80,84,75
81,I. Gündoğan,26,https://cdn.sofifa.org/48/18/players/186942.png,Germany,https://cdn.sofifa.org/flags/21.png,85,87,Manchester City,https://cdn.sofifa.org/24/18/teams/10.png,€46M,€190K,2148,73,68,83,81,88,86,74,81,87,72,74,11,14,5,5,13,49,79,62,83,74,57,76,79,87,88,77,64,70,71,67,74,87,75,84,69,77,81,83,186942,84,73,69,83,77,81,81,76,81,75,CDM CM,84,73,69,83,77,81,81,76,81,75,76
82,Azpilicueta,27,https://cdn.sofifa.org/48/18/players/184432.png,Spain,https://cdn.sofifa.org/flags/45.png,85,87,Chelsea,https://cdn.sofifa.org/24/18/teams/5.png,€37.5M,€160K,2099,78,80,75,73,79,78,78,66,69,46,58,13,9,10,6,5,76,85,76,74,60,87,66,62,86,80,68,87,79,88,88,73,68,51,72,83,82,70,76,184432,72,84,83,76,82,70,74,68,71,83,LB RB CB,72,84,83,76,82,70,74,68,71,83,68
83,A. Di María,29,https://cdn.sofifa.org/48/18/players/183898.png,Argentina,https://cdn.sofifa.org/flags/52.png,85,85,Paris Saint-Germain,https://cdn.sofifa.org/24/18/teams/73.png,€37.5M,€145K,2115,86,73,92,79,85,82,85,78,86,74,72,10,7,11,12,11,53,38,72,79,77,37,73,82,80,83,83,56,86,78,59,60,81,77,83,58,66,82,78,183898,83,66,58,78,66,82,83,77,83,70,LW RW,83,66,58,78,66,82,83,77,83,70,77
84,M. Pjanić,27,https://cdn.sofifa.org/48/18/players/180206.png,Bosnia Herzegovina,https://cdn.sofifa.org/flags/8.png,85,86,Juventus,https://cdn.sofifa.org/24/18/teams/45.png,€43.5M,€160K,2172,74,68,79,79,89,84,80,86,86,61,91,7,7,13,7,8,60,74,61,85,82,62,79,70,84,89,78,66,74,78,70,65,88,72,83,70,78,80,83,180206,83,75,70,83,78,80,81,74,80,77,CDM CM,83,75,70,83,78,80,81,74,80,77,74
85,C. Marchisio,31,https://cdn.sofifa.org/48/18/players/173210.png,Italy,https://cdn.sofifa.org/flags/27.png,85,85,Juventus,https://cdn.sofifa.org/24/18/teams/45.png,€33M,€160K,2210,78,78,81,79,85,84,76,78,84,61,78,4,3,4,2,4,68,80,68,85,82,72,78,80,86,87,82,80,78,81,78,70,84,76,82,77,81,80,83,173210,82,79,77,83,81,80,81,76,80,80,CDM CM,82,79,77,83,81,80,81,76,80,80,76
86,J. Vertonghen,30,https://cdn.sofifa.org/48/18/players/172871.png,Belgium,https://cdn.sofifa.org/flags/7.png,85,85,Tottenham Hotspur,https://cdn.sofifa.org/24/18/teams/18.png,€28.5M,€130K,2079,68,83,62,55,74,81,68,58,69,56,73,6,10,9,12,7,81,86,83,74,68,84,68,60,82,79,86,86,66,79,86,81,68,52,70,83,81,70,74,172871,70,80,83,74,81,70,70,70,69,78,CB,70,80,83,74,81,70,70,70,69,78,70
87,B. Matuidi,30,https://cdn.sofifa.org/48/18/players/170890.png,France,https://cdn.sofifa.org/flags/18.png,85,85,Juventus,https://cdn.sofifa.org/24/18/teams/45.png,€28.5M,€145K,2172,79,85,76,79,77,82,75,65,73,65,52,8,11,5,10,14,73,85,84,79,66,83,56,68,84,84,74,81,78,94,84,78,75,72,76,82,83,75,79,170890,76,82,82,79,83,75,77,73,75,82,CM CDM,76,82,82,79,83,75,77,73,75,82,73
88,S. Ruffier,30,https://cdn.sofifa.org/48/18/players/167628.png,France,https://cdn.sofifa.org/flags/18.png,85,85,AS Saint-Étienne,https://cdn.sofifa.org/24/18/teams/1819.png,€24.5M,€49K,1257,45,31,51,55,15,57,11,17,12,11,12,82,84,77,85,87,12,25,72,34,11,11,25,12,78,33,21,11,50,37,12,76,49,13,NA,NA,NA,NA,NA,167628,NA,NA,NA,NA,NA,NA,NA,NA,NA,NA,GK,NA,NA,NA,NA,NA,NA,NA,NA,NA,NA,NA
89,Filipe Luís,31,https://cdn.sofifa.org/48/18/players/164169.png,Brazil,https://cdn.sofifa.org/flags/54.png,85,85,Atlético Madrid,https://cdn.sofifa.org/24/18/teams/240.png,€25M,€81K,2134,75,81,74,60,81,88,84,74,77,59,75,11,15,9,9,5,68,82,63,77,60,85,65,71,83,78,71,86,82,91,83,74,70,56,75,80,81,74,77,164169,75,83,80,77,81,74,78,72,75,83,LB,75,83,80,77,81,74,78,72,75,83,72
90,V. Kompany,31,https://cdn.sofifa.org/48/18/players/139720.png,Belgium,https://cdn.sofifa.org/flags/7.png,85,85,Manchester City,https://cdn.sofifa.org/24/18/teams/10.png,€26M,€170K,1913,61,87,60,42,68,81,61,61,63,45,52,10,9,5,8,6,84,80,71,66,55,84,63,41,84,72,75,84,64,74,85,88,59,46,62,82,77,62,67,139720,62,76,82,67,77,62,63,63,61,74,CB,62,76,82,67,77,62,63,63,61,74,63
91,A. Barzagli,36,https://cdn.sofifa.org/48/18/players/137186.png,Italy,https://cdn.sofifa.org/flags/27.png,85,85,Juventus,https://cdn.sofifa.org/24/18/teams/45.png,€5M,€105K,1750,64,70,51,64,65,82,40,50,64,21,31,4,2,4,2,4,72,92,85,65,39,90,60,28,80,65,54,88,76,46,90,87,62,35,58,83,76,55,63,137186,58,75,83,63,76,55,57,53,55,71,CB,58,75,83,63,76,55,57,53,55,71,53
92,E. Bailly,23,https://cdn.sofifa.org/48/18/players/225508.png,Ivory Coast,https://cdn.sofifa.org/flags/108.png,84,89,Manchester United,https://cdn.sofifa.org/24/18/teams/11.png,€35.5M,€150K,1890,75,87,63,63,68,74,51,46,63,33,43,14,14,10,9,8,81,85,84,56,48,82,46,47,78,72,55,85,80,78,85,85,54,42,61,83,76,61,65,225508,61,77,83,65,76,61,63,60,61,75,CB,61,77,83,65,76,61,63,60,61,75,60
93,Marco Asensio,21,https://cdn.sofifa.org/48/18/players/220834.png,Spain,https://cdn.sofifa.org/flags/45.png,84,92,Real Madrid CF,https://cdn.sofifa.org/24/18/teams/243.png,€46M,€175K,1998,79,45,78,76,86,82,79,83,83,82,76,13,9,6,12,10,50,45,57,81,87,29,62,72,78,86,84,39,77,73,42,61,83,75,82,50,62,81,78,220834,82,60,50,78,62,81,81,77,81,65,LW LM RM CAM,82,60,50,78,62,81,81,77,81,65,77
94,Bernardo Silva,22,https://cdn.sofifa.org/48/18/players/218667.png,Portugal,https://cdn.sofifa.org/flags/38.png,84,91,Manchester City,https://cdn.sofifa.org/24/18/teams/10.png,€43.5M,€165K,2012,85,58,88,86,89,84,79,79,91,76,63,9,10,14,12,9,51,49,53,78,64,46,64,77,84,84,72,35,78,80,44,54,85,66,83,53,66,82,79,218667,83,63,53,79,66,82,83,75,83,68,RM,83,63,53,79,66,82,83,75,83,68,75
95,A. Laporte,23,https://cdn.sofifa.org/48/18/players/212218.png,France,https://cdn.sofifa.org/flags/18.png,84,89,Athletic Club de Bilbao,https://cdn.sofifa.org/24/18/teams/448.png,€35.5M,€36K,1919,68,72,49,55,71,74,58,62,55,45,77,10,11,5,14,5,85,85,77,78,47,86,35,54,82,73,70,85,70,71,88,84,52,40,62,83,79,62,69,212218,62,78,83,69,79,62,64,64,61,75,CB,62,78,83,69,79,62,64,64,61,75,64
96,D. Alli,21,https://cdn.sofifa.org/48/18/players/211117.png,England,https://cdn.sofifa.org/flags/14.png,84,90,Tottenham Hotspur,https://cdn.sofifa.org/24/18/teams/18.png,€43M,€115K,2122,77,84,74,62,85,86,68,71,83,84,53,7,6,9,11,8,75,67,69,76,79,60,68,86,85,83,77,57,76,89,63,71,83,76,83,69,75,83,81,211117,83,72,69,81,75,83,81,81,81,73,LM CF CAM,83,72,69,81,75,83,81,81,81,73,81
97,S. Mané,25,https://cdn.sofifa.org/48/18/players/208722.png,Senegal,https://cdn.sofifa.org/flags/136.png,84,87,Liverpool,https://cdn.sofifa.org/24/18/teams/9.png,€39M,€175K,2046,94,73,89,85,84,78,72,74,86,83,64,10,10,15,7,14,53,31,75,71,69,33,71,84,80,77,77,38,92,82,35,72,78,68,81,51,60,82,74,208722,81,60,51,74,60,82,82,79,83,63,LW RW,81,60,51,74,60,82,82,79,83,63,79
98,Carvajal,25,https://cdn.sofifa.org/48/18/players/204963.png,Spain,https://cdn.sofifa.org/flags/45.png,84,87,Real Madrid CF,https://cdn.sofifa.org/24/18/teams/243.png,€32M,€195K,2039,76,81,82,79,83,74,83,72,76,41,47,13,13,15,9,15,65,82,76,71,36,85,45,61,81,81,64,86,86,84,85,75,57,34,70,81,80,69,73,204963,70,83,81,73,80,69,75,65,72,83,RB,70,83,81,73,80,69,75,65,72,83,65
99,J. Draxler,23,https://cdn.sofifa.org/48/18/players/202166.png,Germany,https://cdn.sofifa.org/flags/21.png,84,87,Paris Saint-Germain,https://cdn.sofifa.org/24/18/teams/73.png,€39.5M,€120K,2017,76,48,81,75,87,81,83,78,88,78,75,11,13,5,13,8,65,36,76,77,81,25,63,79,83,84,86,26,79,68,35,67,84,84,83,49,59,83,77,202166,83,57,49,77,59,83,82,80,83,62,LM CAM LW,83,57,49,77,59,83,82,80,83,62,80
100,M. Icardi,24,https://cdn.sofifa.org/48/18/players/201399.png,Argentina,https://cdn.sofifa.org/flags/52.png,84,89,Inter,https://cdn.sofifa.org/24/18/teams/44.png,€42M,€105K,1866,75,55,74,76,77,82,46,58,74,89,45,13,9,5,7,9,84,22,92,54,70,17,78,89,83,73,81,21,80,70,21,74,64,81,75,46,50,79,67,201399,75,49,46,67,50,79,73,82,75,51,ST,75,49,46,67,50,79,73,82,75,51,82
101,Morata,24,https://cdn.sofifa.org/48/18/players/201153.png,Spain,https://cdn.sofifa.org/flags/45.png,84,88,Chelsea,https://cdn.sofifa.org/24/18/teams/5.png,€41M,€170K,1862,78,54,62,56,84,79,73,76,83,82,44,4,5,4,4,5,79,24,79,51,78,14,72,83,81,78,80,20,86,70,14,82,76,81,79,45,51,81,70,201153,79,51,45,70,51,81,78,82,80,56,ST,79,51,45,70,51,81,78,82,80,56,82
102,K. Koulibaly,26,https://cdn.sofifa.org/48/18/players/201024.png,Senegal,https://cdn.sofifa.org/flags/136.png,84,87,Napoli,https://cdn.sofifa.org/24/18/teams/48.png,€32.5M,€96K,1610,69,87,50,40,59,78,30,28,54,19,28,7,11,7,13,5,79,86,77,48,15,85,33,24,80,59,55,85,76,73,87,93,34,14,48,83,73,49,55,201024,48,74,83,55,73,49,52,51,48,70,CB,48,74,83,55,73,49,52,51,48,70,51
103,T. Horn,24,https://cdn.sofifa.org/48/18/players/200316.png,Germany,https://cdn.sofifa.org/flags/21.png,84,90,1. FC Köln,https://cdn.sofifa.org/24/18/teams/31.png,€31M,€39K,1260,45,41,50,31,22,20,19,12,20,13,15,83,81,83,82,86,14,22,64,32,17,11,21,15,81,35,22,12,51,31,13,67,55,14,NA,NA,NA,NA,NA,200316,NA,NA,NA,NA,NA,NA,NA,NA,NA,NA,GK,NA,NA,NA,NA,NA,NA,NA,NA,NA,NA,NA
104,Koke,25,https://cdn.sofifa.org/48/18/players/193747.png,Spain,https://cdn.sofifa.org/flags/45.png,84,88,Atlético Madrid,https://cdn.sofifa.org/24/18/teams/240.png,€39.5M,€84K,2129,72,71,77,78,86,75,84,85,80,71,76,14,12,5,10,13,61,64,61,85,81,63,59,80,84,86,84,51,69,81,66,75,89,56,82,67,75,80,82,193747,82,71,67,82,75,80,81,77,80,74,LM RM CM,82,71,67,82,75,80,81,77,80,74,77
105,K. Manolas,26,https://cdn.sofifa.org/48/18/players/192774.png,Greece,https://cdn.sofifa.org/flags/22.png,84,86,Roma,https://cdn.sofifa.org/24/18/teams/52.png,€31.5M,€96K,1638,78,86,68,60,65,75,27,30,54,10,10,8,6,8,15,12,80,85,86,61,12,88,26,25,81,60,43,87,81,78,86,84,22,16,49,83,74,48,56,192774,49,76,83,56,74,48,53,49,49,72,CB,49,76,83,56,74,48,53,49,49,72,49
106,S. Mustafi,25,https://cdn.sofifa.org/48/18/players/192227.png,Germany,https://cdn.sofifa.org/flags/21.png,84,86,Arsenal,https://cdn.sofifa.org/24/18/teams/1.png,€31.5M,€145K,1942,64,79,66,69,70,74,50,55,53,58,47,11,9,15,10,6,81,85,84,69,52,82,54,50,82,77,66,85,69,74,83,81,55,51,64,82,78,63,68,192227,64,76,82,68,78,63,63,65,62,74,CB,64,76,82,68,78,63,63,65,62,74,65
107,Ander Herrera,27,https://cdn.sofifa.org/48/18/players/191740.png,Spain,https://cdn.sofifa.org/flags/45.png,84,84,Manchester United,https://cdn.sofifa.org/24/18/teams/11.png,€32M,€190K,2213,76,86,84,82,86,84,74,80,81,71,65,9,12,15,9,8,60,86,63,80,72,80,79,78,85,86,72,76,70,87,78,70,84,69,81,78,83,79,83,191740,81,80,78,83,83,79,80,75,79,81,CDM CM,81,80,78,83,83,79,80,75,79,81,75
108,K. Strootman,27,https://cdn.sofifa.org/48/18/players/189712.png,Netherlands,https://cdn.sofifa.org/flags/34.png,84,85,Roma,https://cdn.sofifa.org/24/18/teams/52.png,€35M,€105K,2165,65,86,65,68,85,85,74,75,76,68,74,7,12,11,6,7,68,84,53,83,78,72,77,78,84,86,85,75,68,82,83,83,84,63,80,79,83,78,83,189712,80,78,79,83,83,78,78,76,77,79,CDM CM,80,78,79,83,83,78,78,76,77,79,76
109,Pedro,29,https://cdn.sofifa.org/48/18/players/189505.png,Spain,https://cdn.sofifa.org/flags/45.png,84,84,Chelsea,https://cdn.sofifa.org/24/18/teams/5.png,€30.5M,€200K,1987,84,56,84,82,87,78,78,81,84,81,57,5,11,12,15,9,55,49,67,70,78,30,66,84,84,83,71,31,80,78,32,56,77,70,82,50,61,82,77,189505,82,60,50,77,61,82,82,77,83,65,LW RW,82,60,50,77,61,82,82,77,83,65,77
110,R. Bürki,26,https://cdn.sofifa.org/48/18/players/189117.png,Switzerland,https://cdn.sofifa.org/flags/47.png,84,86,Borussia Dortmund,https://cdn.sofifa.org/24/18/teams/22.png,€26M,€69K,1257,44,35,51,52,23,58,15,13,16,8,12,84,82,73,80,85,17,18,74,24,14,14,20,10,80,37,22,16,52,36,13,74,50,13,NA,NA,NA,NA,NA,189117,NA,NA,NA,NA,NA,NA,NA,NA,NA,NA,GK,NA,NA,NA,NA,NA,NA,NA,NA,NA,NA,NA
111,Bruno,33,https://cdn.sofifa.org/48/18/players/184120.png,Spain,https://cdn.sofifa.org/flags/45.png,84,84,Villarreal CF,https://cdn.sofifa.org/24/18/teams/483.png,€18.5M,€59K,2059,42,79,53,59,83,86,60,72,75,66,77,13,10,9,11,8,61,85,66,86,81,70,75,69,84,87,84,85,41,76,84,77,83,48,76,78,82,74,82,184120,76,74,78,82,82,74,72,71,71,75,CDM CM,76,74,78,82,82,74,72,71,71,75,71
112,I. Perišić,28,https://cdn.sofifa.org/48/18/players/181458.png,Croatia,https://cdn.sofifa.org/flags/10.png,84,84,Inter,https://cdn.sofifa.org/24/18/teams/44.png,€31.5M,€110K,2078,81,59,78,67,83,80,84,73,83,79,76,6,7,10,9,6,78,42,82,72,80,26,76,84,80,78,83,45,87,86,45,75,78,80,80,56,62,81,76,181458,80,64,56,76,62,81,82,81,82,67,CAM LM,80,64,56,76,62,81,82,81,82,67,81
113,E. Džeko,31,https://cdn.sofifa.org/48/18/players/180930.png,Bosnia Herzegovina,https://cdn.sofifa.org/flags/8.png,84,84,Roma,https://cdn.sofifa.org/24/18/teams/52.png,€28M,€115K,1861,67,51,57,36,80,79,63,65,76,87,54,9,11,13,15,15,84,50,66,72,73,11,67,89,83,77,86,16,61,70,28,82,70,77,77,49,57,79,73,180930,77,52,49,73,57,79,75,82,76,55,ST,77,52,49,73,57,79,75,82,76,55,82
114,Willian,28,https://cdn.sofifa.org/48/18/players/180403.png,Brazil,https://cdn.sofifa.org/flags/54.png,84,84,Chelsea,https://cdn.sofifa.org/24/18/teams/5.png,€31.5M,€200K,2061,91,44,89,81,86,79,77,82,87,77,85,14,12,13,7,13,29,55,46,77,81,43,70,80,83,82,71,51,86,87,58,62,83,59,83,55,68,82,80,180403,83,68,55,80,68,82,83,74,83,72,CAM RM RW,83,68,55,80,68,82,83,74,83,72,74
115,S. Khedira,30,https://cdn.sofifa.org/48/18/players/179846.png,Germany,https://cdn.sofifa.org/flags/21.png,84,84,Juventus,https://cdn.sofifa.org/24/18/teams/45.png,€29M,€160K,2157,60,82,59,52,81,84,72,68,78,69,68,11,9,5,15,8,76,86,68,81,78,76,69,80,86,85,82,78,68,78,82,89,82,76,79,81,82,78,82,179846,79,78,81,82,82,78,77,77,76,79,CDM CM,79,78,81,82,82,78,77,77,76,79,77
116,R. Fährmann,28,https://cdn.sofifa.org/48/18/players/179783.png,Germany,https://cdn.sofifa.org/flags/21.png,84,85,FC Schalke 04,https://cdn.sofifa.org/24/18/teams/34.png,€25M,€54K,1190,38,36,39,36,24,61,14,18,15,11,11,83,86,52,85,87,15,23,72,26,9,12,21,11,84,25,24,10,47,32,12,79,42,11,NA,NA,NA,NA,NA,179783,NA,NA,NA,NA,NA,NA,NA,NA,NA,NA,GK,NA,NA,NA,NA,NA,NA,NA,NA,NA,NA,NA
117,Sergio Asenjo,28,https://cdn.sofifa.org/48/18/players/178750.png,Spain,https://cdn.sofifa.org/flags/45.png,84,85,Villarreal CF,https://cdn.sofifa.org/24/18/teams/483.png,€25M,€46K,1341,59,20,62,58,14,39,24,23,15,14,22,86,83,76,82,85,13,22,73,39,23,12,15,12,79,39,24,14,54,43,15,73,46,22,NA,NA,NA,NA,NA,178750,NA,NA,NA,NA,NA,NA,NA,NA,NA,NA,GK,NA,NA,NA,NA,NA,NA,NA,NA,NA,NA,NA
118,Juan Mata,29,https://cdn.sofifa.org/48/18/players/178088.png,Spain,https://cdn.sofifa.org/flags/45.png,84,84,Manchester United,https://cdn.sofifa.org/24/18/teams/11.png,€30.5M,€195K,1982,71,52,85,89,87,85,84,84,82,79,84,9,10,14,5,8,59,39,72,77,70,25,81,83,84,86,75,21,63,75,28,43,87,71,82,45,59,81,78,178088,82,55,45,78,59,81,81,76,81,61,RM CAM,82,55,45,78,59,81,81,76,81,61,76
119,M. Benatia,30,https://cdn.sofifa.org/48/18/players/177509.png,Morocco,https://cdn.sofifa.org/flags/129.png,84,84,Juventus,https://cdn.sofifa.org/24/18/teams/45.png,€23M,€145K,1764,72,82,59,51,65,78,45,34,64,45,27,7,4,8,7,11,80,84,82,65,24,86,41,38,78,65,59,84,76,68,86,89,47,31,58,82,75,58,62,177509,58,75,82,62,75,58,60,60,58,72,CB,58,75,82,62,75,58,60,60,58,72,60
120,D. Payet,30,https://cdn.sofifa.org/48/18/players/177388.png,France,https://cdn.sofifa.org/flags/18.png,84,84,Olympique de Marseille,https://cdn.sofifa.org/24/18/teams/219.png,€29.5M,€60K,2076,79,57,79,81,90,86,86,90,89,76,91,11,15,9,14,12,59,37,48,84,83,29,76,79,76,86,78,39,72,73,36,76,87,79,84,51,63,82,79,177388,84,60,51,79,63,82,83,78,83,64,CAM LW,84,60,51,79,63,82,83,78,83,64,78
121,Falcao,31,https://cdn.sofifa.org/48/18/players/167397.png,Colombia,https://cdn.sofifa.org/flags/56.png,84,84,AS Monaco,https://cdn.sofifa.org/24/18/teams/69.png,€28M,€68K,2010,73,75,85,75,82,87,55,83,74,87,71,10,13,6,9,5,90,41,92,58,80,16,84,85,82,78,79,19,66,68,42,75,68,84,77,54,57,79,71,167397,77,54,54,71,57,79,74,82,76,56,ST,77,54,54,71,57,79,74,82,76,56,82
122,L. Koscielny,31,https://cdn.sofifa.org/48/18/players/165229.png,France,https://cdn.sofifa.org/flags/18.png,84,84,Arsenal,https://cdn.sofifa.org/24/18/teams/1.png,€21M,€150K,1866,74,88,68,62,67,75,52,22,62,32,49,13,11,9,11,7,81,86,82,69,47,83,51,39,82,76,54,84,76,75,87,76,56,35,62,82,78,60,67,165229,62,78,82,67,78,60,63,58,60,76,CB,62,78,82,67,78,60,63,58,60,76,58
123,G. Cahill,31,https://cdn.sofifa.org/48/18/players/164468.png,England,https://cdn.sofifa.org/flags/14.png,84,84,Chelsea,https://cdn.sofifa.org/24/18/teams/5.png,€21M,€160K,1839,62,84,62,51,63,75,28,48,58,56,27,5,12,9,5,12,86,83,82,61,66,84,53,45,85,65,63,84,63,69,85,80,56,47,61,82,75,61,65,164468,61,73,82,65,75,61,58,64,58,69,CB,61,73,82,65,75,61,58,64,58,69,64
124,Dani Alves,34,https://cdn.sofifa.org/48/18/players/146530.png,Brazil,https://cdn.sofifa.org/flags/54.png,84,84,Paris Saint-Germain,https://cdn.sofifa.org/24/18/teams/73.png,€9M,€115K,2208,79,78,85,87,86,82,86,80,84,55,74,5,11,9,6,7,72,81,80,77,78,73,70,74,79,83,86,83,84,76,79,55,78,68,79,76,79,78,80,146530,79,81,76,80,79,78,80,74,79,81,RB,79,81,76,80,79,78,80,74,79,81,74
125,A. Gómez,29,https://cdn.sofifa.org/48/18/players/143076.png,Argentina,https://cdn.sofifa.org/flags/52.png,84,84,Atalanta,https://cdn.sofifa.org/24/18/teams/39.png,€31M,€60K,2013,94,56,92,94,87,84,82,78,89,78,71,8,11,12,9,6,36,40,70,72,78,24,71,81,83,82,76,34,86,78,30,48,85,72,84,45,59,83,77,143076,84,59,45,77,59,83,84,76,85,65,ST LW CF,84,59,45,77,59,83,84,76,85,65,76
126,Aduriz,36,https://cdn.sofifa.org/48/18/players/106231.png,Spain,https://cdn.sofifa.org/flags/45.png,84,84,Athletic Club de Bilbao,https://cdn.sofifa.org/24/18/teams/448.png,€11M,€38K,1987,69,82,53,57,80,87,54,61,79,85,54,14,10,9,15,9,94,23,94,52,80,46,75,86,85,71,83,49,70,64,44,83,73,84,76,60,58,80,69,106231,76,58,60,69,58,80,73,83,75,58,ST,76,58,60,69,58,80,73,83,75,58,83
127,K. Mbappé,18,https://cdn.sofifa.org/48/18/players/231747.png,France,https://cdn.sofifa.org/flags/18.png,83,94,Paris Saint-Germain,https://cdn.sofifa.org/24/18/teams/73.png,€41.5M,€31K,2050,89,62,78,76,87,80,70,75,86,87,58,13,5,7,11,6,76,49,71,68,68,41,70,79,79,78,79,40,90,83,44,74,77,74,81,58,64,82,75,231747,81,64,58,75,64,82,81,82,82,67,ST,81,64,58,75,64,82,81,82,82,67,82
128,O. Dembélé,20,https://cdn.sofifa.org/48/18/players/231443.png,France,https://cdn.sofifa.org/flags/18.png,83,92,FC Barcelona,https://cdn.sofifa.org/24/18/teams/241.png,€40M,€150K,1969,93,54,90,85,85,73,77,78,92,77,65,6,6,14,10,13,43,36,59,68,65,29,75,78,82,74,82,33,89,74,30,47,84,76,82,45,57,82,74,231443,82,58,45,74,57,82,82,76,83,63,CAM LW RW,82,58,45,74,57,82,82,76,83,63,76
129,N. Keïta,22,https://cdn.sofifa.org/48/18/players/220971.png,Guinea,https://cdn.sofifa.org/flags/118.png,83,88,RB Leipzig,https://cdn.sofifa.org/24/18/teams/112172.png,€34M,€68K,2055,82,77,90,90,88,79,62,63,90,74,47,7,14,15,14,9,42,79,56,78,66,55,58,74,84,88,76,61,66,88,63,59,81,59,82,65,76,80,82,220971,82,71,65,82,76,80,81,74,80,75,CAM CDM CM,82,71,65,82,76,80,81,74,80,75,74
130,J. Giménez,22,https://cdn.sofifa.org/48/18/players/216460.png,Uruguay,https://cdn.sofifa.org/flags/60.png,83,87,Atlético Madrid,https://cdn.sofifa.org/24/18/teams/240.png,€28.5M,€53K,1760,68,89,57,50,56,73,47,36,47,37,44,9,11,7,10,15,79,85,90,58,48,85,38,24,76,68,72,87,72,68,86,84,27,30,51,82,73,51,57,216460,51,75,82,57,73,51,53,56,51,71,CB,51,75,82,57,73,51,53,56,51,71,56
131,G. Rulli,25,https://cdn.sofifa.org/48/18/players/215316.png,Argentina,https://cdn.sofifa.org/flags/52.png,83,89,Real Sociedad,https://cdn.sofifa.org/24/18/teams/457.png,€25.5M,€28K,1284,54,26,58,50,15,30,12,19,15,15,20,85,79,75,82,86,12,21,68,23,17,16,24,12,77,32,24,17,48,42,13,73,58,16,NA,NA,NA,NA,NA,215316,NA,NA,NA,NA,NA,NA,NA,NA,NA,NA,GK,NA,NA,NA,NA,NA,NA,NA,NA,NA,NA,NA
132,T. Lemar,21,https://cdn.sofifa.org/48/18/players/213565.png,France,https://cdn.sofifa.org/flags/18.png,83,91,AS Monaco,https://cdn.sofifa.org/24/18/teams/69.png,€38.5M,€37K,2171,86,63,85,84,86,79,82,81,88,78,81,11,15,13,7,14,54,66,72,71,76,63,68,76,76,82,82,63,84,79,59,69,82,75,82,66,72,81,78,213565,82,72,66,78,72,81,82,77,82,75,LM,82,72,66,78,72,81,82,77,82,75,77
133,João Mário,24,https://cdn.sofifa.org/48/18/players/212814.png,Portugal,https://cdn.sofifa.org/flags/38.png,83,88,Inter,https://cdn.sofifa.org/24/18/teams/44.png,€34M,€70K,2098,71,61,81,70,85,85,77,74,84,66,67,6,15,8,8,8,55,78,63,78,73,67,66,80,82,83,77,61,75,84,75,69,82,69,80,70,77,79,81,212814,80,74,70,81,77,79,80,74,79,77,CAM CM,80,74,70,81,77,79,80,74,79,77,74
134,N. Süle,21,https://cdn.sofifa.org/48/18/players/212190.png,Germany,https://cdn.sofifa.org/flags/21.png,83,89,FC Bayern Munich,https://cdn.sofifa.org/24/18/teams/21.png,€30.5M,€78K,1630,51,81,33,32,63,72,30,28,42,20,30,15,7,14,7,15,85,82,38,61,62,81,32,26,80,76,77,82,76,65,86,94,30,29,51,81,75,52,60,212190,51,73,81,60,75,52,51,56,48,69,CB,51,73,81,60,75,52,51,56,48,69,56
135,Ederson,23,https://cdn.sofifa.org/48/18/players/210257.png,Brazil,https://cdn.sofifa.org/flags/54.png,83,89,Manchester City,https://cdn.sofifa.org/24/18/teams/10.png,€26M,€87K,1320,64,35,60,40,30,58,20,12,21,14,20,81,76,82,78,87,14,25,58,30,18,9,17,16,86,15,42,8,63,38,15,68,60,18,NA,NA,NA,NA,NA,210257,NA,NA,NA,NA,NA,NA,NA,NA,NA,NA,GK,NA,NA,NA,NA,NA,NA,NA,NA,NA,NA,NA
136,Fabinho,23,https://cdn.sofifa.org/48/18/players/209499.png,Brazil,https://cdn.sofifa.org/flags/54.png,83,88,AS Monaco,https://cdn.sofifa.org/24/18/teams/69.png,€29.5M,€37K,2114,73,83,71,69,80,80,79,71,75,66,45,13,12,6,8,8,75,83,77,74,53,79,91,68,79,82,75,85,75,89,88,80,72,30,74,82,82,74,77,209499,74,82,82,77,82,74,76,72,74,82,CDM,74,82,82,77,82,74,76,72,74,82,72
137,M. Salah,25,https://cdn.sofifa.org/48/18/players/209331.png,Egypt,https://cdn.sofifa.org/flags/111.png,83,86,Liverpool,https://cdn.sofifa.org/24/18/teams/9.png,€32.5M,€135K,2032,93,63,86,84,87,75,73,70,87,79,60,14,14,9,11,14,59,55,70,65,62,37,61,83,82,79,71,41,93,77,43,61,78,71,81,56,64,82,75,209331,81,64,56,75,64,82,82,78,83,68,RW,81,64,56,75,64,82,82,78,83,68,78
138,A. Belotti,23,https://cdn.sofifa.org/48/18/players/208596.png,Italy,https://cdn.sofifa.org/flags/27.png,83,90,Torino,https://cdn.sofifa.org/24/18/teams/54.png,€37M,€58K,1935,80,83,79,75,78,78,42,64,78,88,56,13,7,12,14,7,84,31,83,42,67,15,77,85,78,68,81,32,83,84,23,85,61,80,74,51,52,78,65,208596,74,52,51,65,52,78,72,82,75,54,ST,74,52,51,65,52,78,72,82,75,54,82
139,E. Forsberg,25,https://cdn.sofifa.org/48/18/players/208448.png,Sweden,https://cdn.sofifa.org/flags/46.png,83,85,RB Leipzig,https://cdn.sofifa.org/24/18/teams/112172.png,€31.5M,€75K,1949,78,62,85,83,85,79,86,81,82,72,77,13,7,9,15,11,45,43,53,70,80,23,64,77,80,86,75,17,72,76,26,63,86,67,81,45,59,79,76,208448,81,55,45,76,59,79,81,74,81,61,LM CAM,81,55,45,76,59,79,81,74,81,61,74
140,Marquinhos,23,https://cdn.sofifa.org/48/18/players/207865.png,Brazil,https://cdn.sofifa.org/flags/54.png,83,89,Paris Saint-Germain,https://cdn.sofifa.org/24/18/teams/73.png,€30.5M,€75K,1869,69,80,66,68,76,79,72,49,65,33,32,6,6,12,10,13,80,84,85,78,35,85,31,46,81,80,53,86,72,75,85,74,51,31,64,82,80,61,70,207865,64,80,82,70,80,61,67,60,63,79,CB,64,80,82,70,80,61,67,60,63,79,60
141,William Carvalho,25,https://cdn.sofifa.org/48/18/players/207566.png,Portugal,https://cdn.sofifa.org/flags/38.png,83,86,Sporting CP,https://cdn.sofifa.org/24/18/teams/237.png,€27.5M,€21K,1967,52,75,45,50,78,89,66,77,79,56,50,6,6,5,14,14,73,84,68,86,58,77,60,62,74,84,59,71,53,84,85,88,78,50,72,79,81,69,79,207566,72,75,79,79,81,69,72,67,69,75,CM CDM,72,75,79,79,81,69,72,67,69,75,67
142,S. Umtiti,23,https://cdn.sofifa.org/48/18/players/205600.png,France,https://cdn.sofifa.org/flags/18.png,83,88,FC Barcelona,https://cdn.sofifa.org/24/18/teams/241.png,€29.5M,€135K,2109,72,80,68,66,75,74,69,72,69,51,63,15,10,14,12,15,72,86,87,73,74,80,61,58,77,79,83,83,75,79,85,78,58,70,69,81,79,69,73,205600,69,79,81,73,79,69,70,69,69,78,CB,69,79,81,73,79,69,70,69,69,78,69
143,R. Mahrez,26,https://cdn.sofifa.org/48/18/players/204485.png,Algeria,https://cdn.sofifa.org/flags/97.png,83,84,Leicester City,https://cdn.sofifa.org/24/18/teams/95.png,€30.5M,€88K,1935,85,40,92,85,88,82,81,79,88,74,75,15,9,13,11,6,45,38,62,74,72,25,72,79,75,78,76,19,80,75,23,51,79,71,81,41,55,80,74,204485,81,54,41,74,55,80,81,74,82,60,RM,81,54,41,74,55,80,81,74,82,60,74
144,V. van Dijk,25,https://cdn.sofifa.org/48/18/players/203376.png,Netherlands,https://cdn.sofifa.org/flags/34.png,83,86,Southampton,https://cdn.sofifa.org/24/18/teams/17.png,€27.5M,€89K,2011,69,78,57,51,73,82,53,60,70,52,70,13,10,13,11,11,80,83,79,76,64,83,62,41,79,76,81,83,76,76,85,92,59,45,66,82,79,66,71,203376,66,77,82,71,79,66,67,67,65,76,CB,66,77,82,71,79,66,67,67,65,76,67
145,Roberto Firmino,25,https://cdn.sofifa.org/48/18/players/201942.png,Brazil,https://cdn.sofifa.org/flags/54.png,83,87,Liverpool,https://cdn.sofifa.org/24/18/teams/9.png,€34M,€135K,2101,77,66,82,81,85,78,72,80,87,83,67,8,11,9,6,10,72,37,81,75,80,30,72,84,82,83,79,42,77,86,59,76,83,79,83,58,65,83,79,201942,83,63,58,79,65,83,82,81,82,66,CAM CF ST,83,63,58,79,65,83,82,81,82,66,81
146,Danilo Pereira,25,https://cdn.sofifa.org/48/18/players/200888.png,Portugal,https://cdn.sofifa.org/flags/38.png,83,86,FC Porto,https://cdn.sofifa.org/24/18/teams/236.png,€27.5M,€18K,2029,67,88,58,60,77,84,50,48,76,56,53,9,7,13,14,15,76,85,67,79,64,80,52,69,76,82,77,78,68,87,85,89,69,55,72,82,82,72,77,200888,72,77,82,77,82,72,72,71,69,76,CM CB CDM,72,77,82,77,82,72,72,71,69,76,71
147,Vitolo,27,https://cdn.sofifa.org/48/18/players/199715.png,Spain,https://cdn.sofifa.org/flags/45.png,83,83,UD Las Palmas,https://cdn.sofifa.org/24/18/teams/472.png,€27M,€68K,1983,81,61,75,63,85,70,80,76,86,79,62,11,16,8,14,16,65,25,70,82,73,25,74,80,80,81,77,23,79,81,21,81,78,75,81,47,57,81,75,199715,81,54,47,75,57,81,82,79,81,59,RM LM,81,54,47,75,57,81,82,79,81,59,79
148,A. Lopes,26,https://cdn.sofifa.org/48/18/players/199482.png,Portugal,https://cdn.sofifa.org/flags/38.png,83,86,Olympique Lyonnais,https://cdn.sofifa.org/24/18/teams/66.png,€22.5M,€60K,1317,60,35,65,62,21,55,19,15,15,18,14,86,81,71,79,85,16,25,85,31,18,13,16,9,85,32,20,13,64,33,15,65,38,13,NA,NA,NA,NA,NA,199482,NA,NA,NA,NA,NA,NA,NA,NA,NA,NA,GK,NA,NA,NA,NA,NA,NA,NA,NA,NA,NA,NA
149,S. de Vrij,25,https://cdn.sofifa.org/48/18/players/198176.png,Netherlands,https://cdn.sofifa.org/flags/34.png,83,88,Lazio,https://cdn.sofifa.org/24/18/teams/46.png,€29M,€56K,1783,68,74,61,60,71,82,49,45,61,25,16,8,10,7,14,13,78,85,71,71,60,87,41,32,78,71,65,82,68,69,86,80,50,27,59,81,77,58,66,198176,59,75,81,66,77,58,60,57,57,73,CB,59,75,81,66,77,58,60,57,57,73,57
150,M. Perin,24,https://cdn.sofifa.org/48/18/players/198009.png,Italy,https://cdn.sofifa.org/flags/27.png,83,88,Genoa,https://cdn.sofifa.org/24/18/teams/110556.png,€25M,€28K,1246,57,25,70,30,23,58,11,15,19,11,13,80,85,71,78,90,12,19,75,31,17,14,21,12,79,33,23,19,56,30,12,52,44,19,NA,NA,NA,NA,NA,198009,NA,NA,NA,NA,NA,NA,NA,NA,NA,NA,GK,NA,NA,NA,NA,NA,NA,NA,NA,NA,NA,NA
151,J. Matip,25,https://cdn.sofifa.org/48/18/players/197061.png,Cameroon,https://cdn.sofifa.org/flags/103.png,83,85,Liverpool,https://cdn.sofifa.org/24/18/teams/9.png,€26.5M,€110K,1884,60,81,58,49,71,75,54,63,65,36,22,11,15,10,7,10,85,85,67,74,48,83,42,51,81,77,66,79,73,73,85,81,72,50,66,82,79,64,72,197061,66,76,82,72,79,64,66,63,63,75,CB,66,76,82,72,79,64,66,63,63,75,63
152,I. Gueye,27,https://cdn.sofifa.org/48/18/players/193474.png,Senegal,https://cdn.sofifa.org/flags/136.png,83,84,Everton,https://cdn.sofifa.org/24/18/teams/7.png,€24.5M,€115K,2045,78,84,75,82,79,80,60,33,75,50,43,8,6,8,12,13,69,87,85,74,67,80,54,67,79,82,80,85,75,88,87,76,72,32,74,81,82,73,77,193474,74,80,81,77,82,73,74,70,72,80,CM CDM,74,80,81,77,82,73,74,70,72,80,70
153,Iago Aspas,29,https://cdn.sofifa.org/48/18/players/192629.png,Spain,https://cdn.sofifa.org/flags/45.png,83,83,RC Celta de Vigo,https://cdn.sofifa.org/24/18/teams/450.png,€26M,€39K,2012,84,63,88,77,84,73,67,83,85,86,76,12,16,9,12,13,78,36,68,64,80,20,80,85,86,80,79,18,79,70,21,59,68,86,81,46,55,82,72,192629,81,54,46,72,55,82,79,82,81,58,RW ST,81,54,46,72,55,82,79,82,81,58,82
154,N. Otamendi,29,https://cdn.sofifa.org/48/18/players/192366.png,Argentina,https://cdn.sofifa.org/flags/52.png,83,83,Manchester City,https://cdn.sofifa.org/24/18/teams/10.png,€20M,€140K,1886,62,90,69,62,64,84,52,50,41,53,39,12,5,8,11,12,83,85,86,66,56,81,44,49,78,71,69,84,64,76,83,80,45,56,58,81,76,58,64,192366,58,75,81,64,76,58,58,63,57,72,CB,58,75,81,64,76,58,58,63,57,72,63
155,N. Matić,28,https://cdn.sofifa.org/48/18/players/191202.png,Serbia,https://cdn.sofifa.org/flags/51.png,83,83,Manchester United,https://cdn.sofifa.org/24/18/teams/11.png,€21M,€140K,2120,62,83,56,53,78,84,68,68,72,64,67,7,15,12,14,9,77,85,71,78,75,75,69,68,82,83,78,75,66,89,83,89,75,74,74,80,81,73,79,191202,74,78,80,79,81,73,74,73,72,78,CM CDM,74,78,80,79,81,73,74,73,72,78,73
156,J. Pastore,28,https://cdn.sofifa.org/48/18/players/191180.png,Argentina,https://cdn.sofifa.org/flags/52.png,83,83,Paris Saint-Germain,https://cdn.sofifa.org/24/18/teams/73.png,€25.5M,€100K,2066,69,65,79,58,87,79,77,83,88,73,69,14,9,6,10,12,63,69,49,83,76,49,75,78,83,87,78,51,72,67,59,64,86,78,83,63,72,81,81,191180,83,68,63,81,72,81,81,77,81,71,RW LW CM,83,68,63,81,72,81,81,77,81,71,77
157,Parejo,28,https://cdn.sofifa.org/48/18/players/189513.png,Spain,https://cdn.sofifa.org/flags/45.png,83,83,Valencia CF,https://cdn.sofifa.org/24/18/teams/461.png,€25.5M,€45K,2089,55,58-10,69,72,83,74,84,87,78+3,75,90,5,9,12,14,8,63,68,55,87,80,59,83,79,79,90,80,51,50,76,61,72,85,72,80,65,74,78,82,189513,80,68,65,82,74,78,78,75,77,71,CDM CAM CM,80,68,65,82,74,78,78,75,77,71,75
158,S. Kagawa,28,https://cdn.sofifa.org/48/18/players/189358.png,Japan,https://cdn.sofifa.org/flags/163.png,83,83,Borussia Dortmund,https://cdn.sofifa.org/24/18/teams/22.png,€26M,€75K,1874,76,30,92,88,85,81,60,74,87,76,63,11,9,8,9,13,42,56,66,73,55,30,78,80,81,84,56,27,65,80,24,39,82,75,81,43,59,78,76,189358,81,56,43,76,59,78,79,71,78,61,CF CAM,81,56,43,76,59,78,79,71,78,61,71
159,G. Bonaventura,27,https://cdn.sofifa.org/48/18/players/189125.png,Italy,https://cdn.sofifa.org/flags/27.png,83,83,Milan,https://cdn.sofifa.org/24/18/teams/47.png,€26.5M,€115K,2197,78,68,81,77,85,82,82,78,83,70,78,10,14,7,15,14,60,72,69,80,86,60,68,78,82,84,84,68,78,87,72,69,82,78,82,70,76,80,82,189125,82,75,70,82,76,80,81,77,81,78,LW CM,82,75,70,82,76,80,81,77,81,78,77
160,B. Dost,28,https://cdn.sofifa.org/48/18/players/189068.png,Netherlands,https://cdn.sofifa.org/flags/34.png,83,83,Sporting CP,https://cdn.sofifa.org/24/18/teams/237.png,€27M,€28K,1809,54,72,38,35,73,78,38,62,64,87,32,6,12,15,11,8,93,39,55,37,74,29,81,88,85,74,83,26,64,84,48,89,68,85,71,57,57,76,67,189068,71,54,57,67,57,76,68,81,69,55,ST,71,54,57,67,57,76,68,81,69,55,81
161,K. Walker,27,https://cdn.sofifa.org/48/18/players/188377.png,England,https://cdn.sofifa.org/flags/14.png,83,84,Manchester City,https://cdn.sofifa.org/24/18/teams/10.png,€24M,€130K,2164,86,78,70,72,76,75,78,76,77,51,71,12,6,16,15,8,73,78,83,67,68,79,63,66,81,75,86,83,93,90,84,77,69,57,73,79,78,73,74,188377,73,82,79,74,78,73,76,72,74,81,RWB RB,73,82,79,74,78,73,76,72,74,81,72
162,Oscar,25,https://cdn.sofifa.org/48/18/players/188152.png,Brazil,https://cdn.sofifa.org/flags/54.png,83,86,NA,https://cdn.sofifa.org/flags/54.png,€0,€0,1961,75,31,86,80,84,83,70,77,81,75,77,12,10,15,12,12,54,34,66,78,77,37,68,81,81,83,76,47,74,76,50,36,83,63,81,49,61,80,77,188152,81,61,49,77,61,80,79,74,79,64,CAM,81,61,49,77,61,80,79,74,79,64,74
163,S. N'Zonzi,28,https://cdn.sofifa.org/48/18/players/187936.png,France,https://cdn.sofifa.org/flags/18.png,83,83,Sevilla FC,https://cdn.sofifa.org/24/18/teams/481.png,€21M,€25K,2032,52,87,43,31,82,85,59,73,72,64,42,7,16,16,16,13,79,85,75,78,66,75,57,70,82,82,79,78,61,86,83,91,77,55,74,82,82,73,79,187936,74,77,82,79,82,73,72,73,70,76,CM CDM,74,77,82,79,82,73,72,73,70,76,73
164,M. Musacchio,26,https://cdn.sofifa.org/48/18/players/186547.png,Argentina,https://cdn.sofifa.org/flags/52.png,83,86,Milan,https://cdn.sofifa.org/24/18/teams/47.png,€27M,€105K,1917,72,81,72,59,73,76,55,53,43,48,45,5,11,12,6,12,81,85,83,70,53,85,57,50,81,78,57,86,69,70,84,81,64,36,64,82,79,62,69,186547,64,78,82,69,79,62,63,62,61,75,CB,64,78,82,69,79,62,63,62,61,75,62
165,O. Toprak,27,https://cdn.sofifa.org/48/18/players/185239.png,Turkey,https://cdn.sofifa.org/flags/48.png,83,84,Borussia Dortmund,https://cdn.sofifa.org/24/18/teams/22.png,€24.5M,€66K,1864,72,73,64,61,72,78,49,44,64,28,33,11,8,11,12,15,83,84,82,69,36,86,48,35,81,74,63,82,79,68,85,78,59,55,62,81,77,60,67,185239,62,77,81,67,77,60,63,59,60,74,CB,62,77,81,67,77,60,63,59,60,74,59
166,José Callejón,30,https://cdn.sofifa.org/48/18/players/185020.png,Spain,https://cdn.sofifa.org/flags/45.png,83,83,Napoli,https://cdn.sofifa.org/24/18/teams/48.png,€24.5M,€87K,1987,90,54,85,81,84,79,77,65,82,76,65,8,5,14,11,11,65,40,73,51,80,24,62,88,80,75,78,32,90,92,32,55,78,84,80,48,56,81,73,185020,80,60,48,73,56,81,81,79,82,64,RW,80,60,48,73,56,81,81,79,82,64,79
167,Adrien Silva,28,https://cdn.sofifa.org/48/18/players/184826.png,Portugal,https://cdn.sofifa.org/flags/38.png,83,83,NA,https://cdn.sofifa.org/flags/38.png,€0,€0,2174,64,79,73,67,85,82,78,79,82,71,75,15,6,8,10,7,61,84,56,84,80,80,85,75,77,83,83,73,65,89,78,62,85,75,80,75,81,78,82,184826,80,78,75,82,81,78,79,74,78,79,CDM CM,80,78,75,82,81,78,79,74,78,79,74
168,S. Giovinco,30,https://cdn.sofifa.org/48/18/players/184431.png,Italy,https://cdn.sofifa.org/flags/27.png,83,83,Toronto FC,https://cdn.sofifa.org/24/18/teams/111651.png,€25M,€15K,1961,88,75,92,93,87,88,73,86,86,83,89,6,3,6,3,3,34,26,34,75,81,23,77,84,82,79,79,28,81,77,29,42,82,75,83,41,57,83,76,184431,83,54,41,76,57,83,82,76,83,60,ST CF,83,54,41,76,57,83,82,76,83,60,76
169,N. Gaitán,29,https://cdn.sofifa.org/48/18/players/184144.png,Argentina,https://cdn.sofifa.org/flags/52.png,83,83,Atlético Madrid,https://cdn.sofifa.org/24/18/teams/240.png,€25.5M,€70K,2006,84,57,87,81,84,80,82,88,85,73,72,8,11,9,7,5,54,40,68,78,74,30,71,79,84,81,72,43,79,69,42,46,82,81,81,50,61,80,76,184144,81,61,50,76,61,80,81,75,81,65,LM,81,61,50,76,61,80,81,75,81,65,75
170,M. Mandžukić,31,https://cdn.sofifa.org/48/18/players/181783.png,Croatia,https://cdn.sofifa.org/flags/10.png,83,83,Juventus,https://cdn.sofifa.org/24/18/teams/45.png,€23.5M,€135K,2104,68,88,67,53,77,80,72,64,74,84,49,10,8,5,8,15,90,66,85,65,58,56,76,89,86,75,78,64,76,87,64,87,74,86,76,73,72,78,75,181783,76,72,73,75,72,78,77,81,76,72,LM ST,76,72,73,75,72,78,77,81,76,72,81
171,A. Lallana,29,https://cdn.sofifa.org/48/18/players/180819.png,England,https://cdn.sofifa.org/flags/14.png,83,83,Liverpool,https://cdn.sofifa.org/24/18/teams/9.png,€25M,€135K,2141,74,74,83,76,86,80,74,77,85,79,66,6,15,14,8,11,67,68,73,77,72,60,70,77,78,86,72,62,72,90,67,67,83,72,82,69,75,80,81,180819,82,73,69,81,75,80,81,77,80,75,CM,82,73,69,81,75,80,81,77,80,75,77
172,B. Höwedes,29,https://cdn.sofifa.org/48/18/players/179784.png,Germany,https://cdn.sofifa.org/flags/21.png,83,83,Juventus,https://cdn.sofifa.org/24/18/teams/45.png,€20M,€50K,1862,62,79,63,61,68,82,58,38,60,48,52,14,6,9,10,7,84,83,82,64,31,84,56,51,82,73,62,83,65,68,83,81,57,38,62,81,76,61,66,179784,62,76,81,66,76,61,63,63,61,73,CB,62,76,81,66,76,61,63,63,61,73,63
173,E. Banega,29,https://cdn.sofifa.org/48/18/players/178562.png,Argentina,https://cdn.sofifa.org/flags/52.png,83,83,Sevilla FC,https://cdn.sofifa.org/24/18/teams/481.png,€25.5M,€27K,2086,71,69,84,86,85,82,80,83,83,65,81,13,8,7,7,10,45,70,58,85,77,57,67,75,78,88,74,61,67,66,69,67,85,65,81,66,75,78,81,178562,81,70,66,81,75,78,79,71,79,73,CM CAM,81,70,66,81,75,78,79,71,79,73,71
174,Rui Patrício,29,https://cdn.sofifa.org/48/18/players/178005.png,Portugal,https://cdn.sofifa.org/flags/38.png,83,83,Sporting CP,https://cdn.sofifa.org/24/18/teams/237.png,€17.5M,€19K,1350,53,39,61,54,23,53,12,10,20,12,16,85,81,80,79,82,11,22,79,30,11,13,32,13,80,31,38,11,57,45,13,77,63,17,NA,NA,NA,NA,NA,178005,NA,NA,NA,NA,NA,NA,NA,NA,NA,NA,GK,NA,NA,NA,NA,NA,NA,NA,NA,NA,NA,NA
175,Y. Sommer,28,https://cdn.sofifa.org/48/18/players/177683.png,Switzerland,https://cdn.sofifa.org/flags/47.png,83,84,Borussia Mönchengladbach,https://cdn.sofifa.org/24/18/teams/23.png,€21M,€39K,1299,48,38,55,58,25,57,13,12,15,13,13,81,82,83,80,83,10,21,69,31,12,11,24,15,80,40,23,12,54,45,19,68,58,8,NA,NA,NA,NA,NA,177683,NA,NA,NA,NA,NA,NA,NA,NA,NA,NA,GK,NA,NA,NA,NA,NA,NA,NA,NA,NA,NA,NA
176,M. Schneiderlin,27,https://cdn.sofifa.org/48/18/players/177358.png,France,https://cdn.sofifa.org/flags/18.png,83,85,Everton,https://cdn.sofifa.org/24/18/teams/7.png,€25.5M,€115K,2078,67,83,73,71,84,83,65,68,74,61,61,6,11,12,14,7,71,84,70,80,56,76,56,65,81,86,71,80,68,89,82,77,73,56,75,79,82,73,79,177358,75,79,79,79,82,73,75,71,72,79,CM CDM,75,79,79,79,82,73,75,71,72,79,71
177,Jonas,33,https://cdn.sofifa.org/48/18/players/176769.png,Brazil,https://cdn.sofifa.org/flags/54.png,83,83,SL Benfica,https://cdn.sofifa.org/24/18/teams/234.png,€16.5M,€21K,2006,66,61,77,69,88,87,70,85,84,87,77,12,11,7,8,5,79,34,69,70,84,23,84,86,85,74,83,25,65,71,36,63,83,85,81,50,58,82,75,176769,81,55,50,75,58,82,79,81,80,58,CF ST,81,55,50,75,58,82,79,81,80,58,81
178,K. Gameiro,30,https://cdn.sofifa.org/48/18/players/176600.png,France,https://cdn.sofifa.org/flags/18.png,83,83,Atlético Madrid,https://cdn.sofifa.org/24/18/teams/240.png,€25M,€73K,2040,88,66,82,77,80,85,70,76,76,86,70,6,10,8,8,6,67,38,84,72,76,23,85,86,85,79,84,39,86,76,33,64,76,78,80,51,59,81,74,176600,80,59,51,74,59,81,80,81,80,62,ST,80,59,51,74,59,81,80,81,80,62,81
179,L. Piszczek,32,https://cdn.sofifa.org/48/18/players/173771.png,Poland,https://cdn.sofifa.org/flags/37.png,83,83,Borussia Dortmund,https://cdn.sofifa.org/24/18/teams/22.png,€14.5M,€66K,2143,73,83,66,66,76,82,86,80,74,65,47,14,11,14,6,12,74,81,76,69,68,79,65,73,82,78,77,83,84,79,84,79,72,67,74,80,79,74,75,173771,74,81,80,75,79,74,76,74,75,81,CB RB,74,81,80,75,79,74,76,74,75,81,74
180,E. Garay,30,https://cdn.sofifa.org/48/18/players/170481.png,Argentina,https://cdn.sofifa.org/flags/52.png,83,83,Valencia CF,https://cdn.sofifa.org/24/18/teams/461.png,€19M,€40K,1952,39,74,57,38,73,79,62,55,62,58,74,14,6,13,13,14,85,84,79,72,68,84,69,49,77,69,80,82,46,74,85,85,63,49,64,81,77,63,70,170481,64,74,81,70,77,63,63,66,61,72,CB,64,74,81,70,77,63,63,66,61,72,66
181,A. Valencia,31,https://cdn.sofifa.org/48/18/players/167905.png,Ecuador,https://cdn.sofifa.org/flags/57.png,83,83,Manchester United,https://cdn.sofifa.org/24/18/teams/11.png,€17M,€130K,2185,88,83,75,83,81,82,85,69,82,58,66,16,11,10,7,7,64,80,70,69,62,78,55,75,86,77,85,77,87,90,83,85,71,70+1,76,79,80,77,77,167905,76,82,79,77,80,77,80,75,78,82,RB,76,82,79,77,80,77,80,75,78,82,75
182,K. Schmeichel,30,https://cdn.sofifa.org/48/18/players/163587.png,Denmark,https://cdn.sofifa.org/flags/13.png,83,84,Leicester City,https://cdn.sofifa.org/24/18/teams/95.png,€19M,€65K,1355,62,33,62,47,40,52,18,13,12,12,15,83,82,82,80,86,16,20,60,46,14,14,26,14,80,44,36,13,60,35,14,62,59,15,NA,NA,NA,NA,NA,163587,NA,NA,NA,NA,NA,NA,NA,NA,NA,NA,GK,NA,NA,NA,NA,NA,NA,NA,NA,NA,NA,NA
183,M. Dembélé,29,https://cdn.sofifa.org/48/18/players/162240.png,Belgium,https://cdn.sofifa.org/flags/7.png,83,83,Tottenham Hotspur,https://cdn.sofifa.org/24/18/teams/18.png,€25M,€115K,2186,75,74,82,74,86,89,65,65,87+1,66,55,16,14,11,16,14,69,80,77,80+1,72,70,67,71,80,86,85,71+4,77,77,80,92,79,73,80,78,80,79,81,162240,80,76,78,81,80,79,79,77,78,77,CDM CM,80,76,78,81,80,79,79,77,78,77,77
184,Borja Valero,32,https://cdn.sofifa.org/48/18/players/161956.png,Spain,https://cdn.sofifa.org/flags/45.png,83,83,Inter,https://cdn.sofifa.org/24/18/teams/44.png,€20M,€80K,2089,73,52,80,82,88,80,78,78,86,67,76,5,4,10,8,7,60,70,67,86,70,58,72,76,84,89,72,62,67,74,66,66,86,70,82,66,75,80,82,161956,82,72,66,82,75,80,81,74,80,74,CF CM CAM,82,72,66,82,75,80,81,74,80,74,74
185,L. Perrin,31,https://cdn.sofifa.org/48/18/players/159147.png,France,https://cdn.sofifa.org/flags/18.png,83,83,AS Saint-Étienne,https://cdn.sofifa.org/24/18/teams/1819.png,€17.5M,€46K,2046,67,81,64,72,74,80,69,59,62,64,51,6,7,12,11,14,80,82,84,77,67,88,68,58,76,74,73,84,69,79,88,79,63,44,68,82,79,68,72,159147,68,79,82,72,79,68,69,69,67,77,CB,68,79,82,72,79,68,69,69,67,77,69
186,L. Biglia,31,https://cdn.sofifa.org/48/18/players/158963.png,Argentina,https://cdn.sofifa.org/flags/52.png,83,83,Milan,https://cdn.sofifa.org/24/18/teams/47.png,€17.5M,€105K,2129,70,83,76,78,85,80,74,71,77,50,76,14,12,7,12,7,54,84,62,84,75,70,72,55,82,86,77,78,68,82,80,70,80,78,76,75,81,73,80,158963,76,78,75,80,81,73,75,68,73,79,CM CDM,76,78,75,80,81,73,75,68,73,79,68
187,Juanfran,32,https://cdn.sofifa.org/48/18/players/146760.png,Spain,https://cdn.sofifa.org/flags/45.png,83,83,Atlético Madrid,https://cdn.sofifa.org/24/18/teams/240.png,€14.5M,€62K,2080,76,78,75,62,79,74,83,80,77,54,59,11,14,10,15,7,59,78,68,66,53,83,66,68,82,77,68,81,87,85,84,74,72,49,73,78,78,72,75,146760,73,81,78,75,78,72,76,69,74,81,RB,73,81,78,75,78,72,76,69,74,81,69
188,Diego López,35,https://cdn.sofifa.org/48/18/players/146748.png,Spain,https://cdn.sofifa.org/flags/45.png,83,83,RCD Espanyol,https://cdn.sofifa.org/24/18/teams/452.png,€6M,€19K,1200,34,36,48,47,23,62,11,10,11,12,11,77,84,76,83,80,10,16,68,23,11,14,21,11,79,28,22,14,52,42,13,66,53,14,NA,NA,NA,NA,NA,146748,NA,NA,NA,NA,NA,NA,NA,NA,NA,NA,GK,NA,NA,NA,NA,NA,NA,NA,NA,NA,NA,NA
189,Santi Cazorla,32,https://cdn.sofifa.org/48/18/players/146562.png,Spain,https://cdn.sofifa.org/flags/45.png,83,83,Arsenal,https://cdn.sofifa.org/24/18/teams/1.png,€19.5M,€130K,2120,68,64,79,91,87,88,85,86,85,75,78,6,9,5,7,15,58,65,70,83,78,58,80,79,82,86,77,52,63,68,64,59,86,72,82,64,72,80,81,146562,82,69,64,81,72,80,81,75,81,72,CDM CM,82,69,64,81,72,80,81,75,81,72,75
190,J. Mascherano,33,https://cdn.sofifa.org/48/18/players/142754.png,Argentina,https://cdn.sofifa.org/flags/52.png,83,83,FC Barcelona,https://cdn.sofifa.org/24/18/teams/241.png,€10.5M,€155K,1984,67,88,72,78,80,86,63,63,58,42,50,6,10,8,5,5,68,88,75,75,55,81,60,51,83,79,76,82,64,76,83,74,68,51,68,80,81,65,73,142754,68,78,80,73,81,65,67,63,65,77,CDM CB,68,78,80,73,81,65,67,63,65,77,63
191,W. Sneijder,33,https://cdn.sofifa.org/48/18/players/139869.png,Netherlands,https://cdn.sofifa.org/flags/34.png,83,83,OGC Nice,https://cdn.sofifa.org/24/18/teams/72.png,€15.5M,€47K,1976,70,55,77,85,85,83,86,88,82,72,86,9,5,13,11,12,32,45,30,86,84,32,76,74,77,84,86,37,69,62,41,57,88,80,81,47,62,79,78,139869,81,58,47,78,62,79,79,72,80,63,CAM,81,58,47,78,62,79,79,72,80,63,72
192,Nani,30,https://cdn.sofifa.org/48/18/players/139068.png,Portugal,https://cdn.sofifa.org/flags/38.png,83,83,Lazio,https://cdn.sofifa.org/24/18/teams/46.png,€24.5M,€47K,1949,84,62,92,77,86,79,82,86,87,75,79,5,10,13,6,6,46,31,39,79,83,15,72,77,80,81,85,20,78,74,22,62,80,75,82,41,56,81,76,139068,82,53,41,76,56,81,81,76,82,59,LM CAM RW LW,82,53,41,76,56,81,81,76,82,59,76
193,D. De Rossi,33,https://cdn.sofifa.org/48/18/players/53302.png,Italy,https://cdn.sofifa.org/flags/27.png,83,83,Roma,https://cdn.sofifa.org/24/18/teams/52.png,€10.5M,€73K,2115,69,84,68,72,78,84,57,62,64,50,71,10,7,13,10,9,81,87,78,82,74,75,75,55,80,82,81,82,68,78,84,83,72,74,71,81,81,69,76,53302,71,78,81,76,81,69,69,69,67,76,CDM,71,78,81,76,81,69,69,69,67,76,69
194,José Reina,34,https://cdn.sofifa.org/48/18/players/24630.png,Spain,https://cdn.sofifa.org/flags/45.png,83,83,Napoli,https://cdn.sofifa.org/24/18/teams/48.png,€10.5M,€59K,1291,50,32,50,60,23,60,11,11,10,14,11,80,83,82,82,82,13,22,73,22,15,12,24,13,82,19,24,24,63,34,22,72,65,11,NA,NA,NA,NA,NA,24630,NA,NA,NA,NA,NA,NA,NA,NA,NA,NA,GK,NA,NA,NA,NA,NA,NA,NA,NA,NA,NA,NA
195,Quaresma,33,https://cdn.sofifa.org/48/18/players/20775.png,Portugal,https://cdn.sofifa.org/flags/38.png,83,83,Beşiktaş JK,https://cdn.sofifa.org/24/18/teams/327.png,€15.5M,€67K,1962,85,62,91,84,87,79,88,92,89,70,78,12,14,10,5,15,41,24,63,75,83,10,74,75,78,79,83,13,82,69,17,54,80,80,81,37,52,80,74,20775,81,50,37,74,52,80,81,74,82,57,LM RM,81,50,37,74,52,80,81,74,82,57,74
196,Y. Touré,34,https://cdn.sofifa.org/48/18/players/20289.png,Ivory Coast,https://cdn.sofifa.org/flags/108.png,83,83,Manchester City,https://cdn.sofifa.org/24/18/teams/10.png,€12.5M,€145K,2161,61,78,58,56,82,83,67,82,78,82,86,13,14,6,12,8,72,60,63,81,80,68,89,80,82,84,86,74,64,73,77,92,85,68,80,74,77,80,80,20289,80,72,74,80,77,80,77,79,77,73,CDM CM,80,72,74,80,77,80,77,79,77,73,79
197,Casillas,36,https://cdn.sofifa.org/48/18/players/5479.png,Spain,https://cdn.sofifa.org/flags/45.png,83,83,FC Porto,https://cdn.sofifa.org/24/18/teams/236.png,€3.5M,€10K,1293,59,23,62,46,23,70,13,25,25,12,13,86,74,58,80,85,25,22,77,22,13,11,24,16,77,21,28,13,57,43,11,70,65,14,NA,NA,NA,NA,NA,5479,NA,NA,NA,NA,NA,NA,NA,NA,NA,NA,GK,NA,NA,NA,NA,NA,NA,NA,NA,NA,NA,NA
198,G. Donnarumma,18,https://cdn.sofifa.org/48/18/players/230621.png,Italy,https://cdn.sofifa.org/flags/27.png,82,94,Milan,https://cdn.sofifa.org/24/18/teams/47.png,€28.5M,€35K,1266,46,30,64,38,28,68,12,12,24,12,14,88,78,72,78,88,12,26,72,24,18,12,24,14,74,34,24,16,54,34,14,72,50,8,NA,NA,NA,NA,NA,230621,NA,NA,NA,NA,NA,NA,NA,NA,NA,NA,GK,NA,NA,NA,NA,NA,NA,NA,NA,NA,NA,NA
199,L. Sané,21,https://cdn.sofifa.org/48/18/players/222492.png,Germany,https://cdn.sofifa.org/flags/21.png,82,91,Manchester City,https://cdn.sofifa.org/24/18/teams/10.png,€34.5M,€125K,2001,93,58,89,82,84,76,76,82,87,78,62,8,12,9,9,14,72,32,66,64,77,26,63,82,79,75,78,35,94,80,32,70,69,64,80,50,57,81,72,222492,80,59,50,72,57,81,81,80,82,63,LM RW LW,80,59,50,72,57,81,81,80,82,63,80
